Pattern;Times;Ontologies;Structures
Pattern 1;2;1;SAREEF.rdf-8;SAREEF.rdf-9
Pattern 2;8;8;SAREEF.rdf-19;SAREF4AUTO.rdf-13;SAREF4BLDG.rdf-3;SAREF4ENVI.rdf-2;SAREF4CITY.rdf-8;SAREF4WATR.rdf-6;SAREF4WEAR.rdf-10;SAREF4AGRI.rdf-14
Pattern 3;8;8;SAREEF.rdf-20;SAREF4AUTO.rdf-6;SAREF4BLDG.rdf-4;SAREF4ENVI.rdf-4;SAREF4CITY.rdf-14;SAREF4WATR.rdf-8;SAREF4WEAR.rdf-5;SAREF4AGRI.rdf-9
Pattern 4;8;8;SAREEF.rdf-21;SAREF4AUTO.rdf-8;SAREF4BLDG.rdf-5;SAREF4ENVI.rdf-1;SAREF4CITY.rdf-10;SAREF4WATR.rdf-11;SAREF4WEAR.rdf-7;SAREF4AGRI.rdf-12
Pattern 5;5;5;SAREEF.rdf-22;SAREF4CITY.rdf-11;SAREF4WATR.rdf-5;SAREF4WEAR.rdf-8;SAREF4AGRI.rdf-10
Pattern 6;8;8;SAREEF.rdf-23;SAREF4AUTO.rdf-9;SAREF4BLDG.rdf-2;SAREF4ENVI.rdf-3;SAREF4CITY.rdf-13;SAREF4WATR.rdf-10;SAREF4WEAR.rdf-6;SAREF4AGRI.rdf-8
Pattern 7;8;8;SAREEF.rdf-24;SAREF4AUTO.rdf-12;SAREF4BLDG.rdf-1;SAREF4ENVI.rdf-5;SAREF4CITY.rdf-9;SAREF4WATR.rdf-7;SAREF4WEAR.rdf-9;SAREF4AGRI.rdf-7
Pattern 8;4;4;SAREEF.rdf-25;SAREF4CITY.rdf-7;SAREF4WEAR.rdf-4;SAREF4AGRI.rdf-11
Pattern 9;4;4;SAREF4AUTO.rdf-1;SAREF4CITY.rdf-1;SAREF4WATR.rdf-3;SAREF4WEAR.rdf-1
Pattern 10;4;4;SAREF4AUTO.rdf-2;SAREF4CITY.rdf-2;SAREF4WATR.rdf-1;SAREF4WEAR.rdf-2
Pattern 11;4;4;SAREF4AUTO.rdf-3;SAREF4CITY.rdf-3;SAREF4WATR.rdf-2;SAREF4WEAR.rdf-3
Pattern 12;3;3;SAREF4AUTO.rdf-5;SAREF4CITY.rdf-5;SAREF4AGRI.rdf-4
Pattern 13;4;4;SAREF4AUTO.rdf-11;SAREF4ENVI.rdf-6;SAREF4WATR.rdf-9;SAREF4AGRI.rdf-13
Pattern 14;5;5;SAREF4AUTO.rdf-14;SAREF4CITY.rdf-17;SAREF4WATR.rdf-13;SAREF4WEAR.rdf-12;SAREF4AGRI.rdf-17
Pattern 15;5;5;SAREF4AUTO.rdf-15;SAREF4CITY.rdf-15;SAREF4WATR.rdf-12;SAREF4WEAR.rdf-11;SAREF4AGRI.rdf-16
Pattern 16;5;5;SAREF4AUTO.rdf-16;SAREF4CITY.rdf-18;SAREF4WATR.rdf-14;SAREF4WEAR.rdf-13;SAREF4AGRI.rdf-15
Pattern 17;3;3;SAREF4CITY.rdf-4;SAREF4WATR.rdf-4;SAREF4AGRI.rdf-5
Pattern 18;2;2;SAREF4CITY.rdf-16;SAREF4AGRI.rdf-18
Pattern 19;2;2;SAREF4CITY.rdf-24;SAREF4WEAR.rdf-14
Pattern 20;2;2;SAREF4CITY.rdf-26;SAREF4WATR.rdf-15
Pattern 21;2;2;SAREF4CITY.rdf-27;SAREF4WATR.rdf-16
Pattern 22;2;2;SAREF4CITY.rdf-28;SAREF4WATR.rdf-22
Pattern 23;2;2;SAREF4CITY.rdf-29;SAREF4WATR.rdf-26
Pattern 24;2;2;SAREF4CITY.rdf-30;SAREF4WATR.rdf-17
Pattern 25;2;2;SAREF4CITY.rdf-31;SAREF4WATR.rdf-25
Pattern 26;2;2;SAREF4CITY.rdf-32;SAREF4WATR.rdf-19
Pattern 27;2;2;SAREF4CITY.rdf-33;SAREF4WATR.rdf-24
Pattern 28;2;2;SAREF4CITY.rdf-34;SAREF4WATR.rdf-23
Pattern 29;2;2;SAREF4CITY.rdf-35;SAREF4WATR.rdf-18
Pattern 30;2;2;SAREF4CITY.rdf-36;SAREF4WATR.rdf-20
Pattern 31;2;2;SAREF4CITY.rdf-37;SAREF4WATR.rdf-21
Pattern 32;2;1;SAREF4ENER.rdf-63;SAREF4ENER.rdf-64
