<?xml version="1.0" encoding="UTF-8"?>
<mxfile host="" modified="" agent="" version="" etag="" type="">
  <diagram id="diagram1" name="Página-1">
    <mxGraphModel dx="1221" dy="713" grid="1" gridSize="10" guides="1" tooltips="1" connect="1" arrows="1" fold="1" page="1" pageScale="1" pageWidth="100" pageHeight="100" math="0" shadow="0">
      <root>
        <mxCell id="0" />
        <mxCell id="1" parent="0" />
        <mxCell id="document-193" value="Pattern 1" style="swimlane;whiteSpace=wrap;html=1;" vertex="1" parent="1">
          <mxGeometry x="0" y="0" width="170.5" height="130" as="geometry" />
        </mxCell>
        <mxCell id="text-document-193" value="owl:Class&lt;br&gt;&amp;nbsp;|rdfs:subClassOf&lt;br&gt;&amp;nbsp;|  |owl:Restriction&lt;br&gt;&amp;nbsp;|  |  |owl:minCardinality&lt;br&gt;&amp;nbsp;|  |  |  |Data value&lt;br&gt;&amp;nbsp;|  |  |owl:onProperty&lt;br&gt;&amp;nbsp;|  |  |  |owl:ObjectProperty" style="text;html=1;strokeColor=none;fillColor=none;align=center;verticalAlign=middle;whiteSpace=wrap;rounded=0;align=left;" vertex="1" parent="document-193">
          <mxGeometry x="0" y="25" width="170.5" height="105" as="geometry" />
        </mxCell>
        <mxCell id="class-194" value="owl:Class" style="rounded=0;whiteSpace=wrap;html=1;snapToPoint=1;points=[[0.1,0],[0.2,0],[0.3,0],[0.4,0],[0.5,0],[0.6,0],[0.7,0],[0.8,0],[0.9,0],[0,0.1],[0,0.3],[0,0.5],[0,0.7],[0,0.9],[0.1,1],[0.2,1],[0.3,1],[0.4,1],[0.5,1],[0.6,1],[0.7,1],[0.8,1],[0.9,1],[1,0.1],[1,0.3],[1,0.5],[1,0.7],[1,0.9]];" vertex="1" parent="1">
          <mxGeometry x="190.5" y="0" width="55.800000000000004" height="30" as="geometry" />
        </mxCell>
        <mxCell id="arrow-196" value="" style="endArrow=block;html=1;exitX=1;exitY=0.5;exitDx=0;exitDy=0;endFill=0;entryX=0;entryY=0.5;entryDx=0;entryDy=0;endSize=8;arcSize=0;rounded=0;" edge="1" source="class-194" target="class-195" parent="1">
          <mxGeometry relative="1" as="geometry" />
        </mxCell>
        <mxCell id="class-195" value="" style="rounded=0;whiteSpace=wrap;html=1;snapToPoint=1;points=[[0.1,0],[0.2,0],[0.3,0],[0.4,0],[0.5,0],[0.6,0],[0.7,0],[0.8,0],[0.9,0],[0,0.1],[0,0.3],[0,0.5],[0,0.7],[0,0.9],[0.1,1],[0.2,1],[0.3,1],[0.4,1],[0.5,1],[0.6,1],[0.7,1],[0.8,1],[0.9,1],[1,0.1],[1,0.3],[1,0.5],[1,0.7],[1,0.9]];" vertex="1" parent="1">
          <mxGeometry x="366.3" y="0" width="60" height="30" as="geometry" />
        </mxCell>
        <mxCell id="class-197" value="" style="rounded=0;whiteSpace=wrap;html=1;snapToPoint=1;points=[[0.1,0],[0.2,0],[0.3,0],[0.4,0],[0.5,0],[0.6,0],[0.7,0],[0.8,0],[0.9,0],[0,0.1],[0,0.3],[0,0.5],[0,0.7],[0,0.9],[0.1,1],[0.2,1],[0.3,1],[0.4,1],[0.5,1],[0.6,1],[0.7,1],[0.8,1],[0.9,1],[1,0.1],[1,0.3],[1,0.5],[1,0.7],[1,0.9]];" vertex="1" parent="1">
          <mxGeometry x="626.3" y="0" width="60" height="30" as="geometry" />
        </mxCell>
        <mxCell id="arrow-198" value="(N1..N) owl:ObjectProperty" style="endArrow=classic;html=1;exitX=1;exitY=0.5;exitDx=0;exitDy=0;entryX=0;entryY=0.5;entryDx=0;entryDy=0;endSize=8;arcSize=0;rounded=0;" edge="1" source="class-195" target="class-197" parent="1">
          <mxGeometry relative="1" as="geometry" />
        </mxCell>
        <mxCell id="document-199" value="Pattern 2" style="swimlane;whiteSpace=wrap;html=1;" vertex="1" parent="1">
          <mxGeometry x="0" y="165" width="170.5" height="130" as="geometry" />
        </mxCell>
        <mxCell id="text-document-199" value="owl:Class&lt;br&gt;&amp;nbsp;|rdfs:subClassOf&lt;br&gt;&amp;nbsp;|  |owl:Restriction&lt;br&gt;&amp;nbsp;|  |  |owl:allValuesFrom&lt;br&gt;&amp;nbsp;|  |  |  |owl:Class&lt;br&gt;&amp;nbsp;|  |  |owl:onProperty&lt;br&gt;&amp;nbsp;|  |  |  |owl:ObjectProperty" style="text;html=1;strokeColor=none;fillColor=none;align=center;verticalAlign=middle;whiteSpace=wrap;rounded=0;align=left;" vertex="1" parent="document-199">
          <mxGeometry x="0" y="25" width="170.5" height="105" as="geometry" />
        </mxCell>
        <mxCell id="class-200" value="owl:Class" style="rounded=0;whiteSpace=wrap;html=1;snapToPoint=1;points=[[0.1,0],[0.2,0],[0.3,0],[0.4,0],[0.5,0],[0.6,0],[0.7,0],[0.8,0],[0.9,0],[0,0.1],[0,0.3],[0,0.5],[0,0.7],[0,0.9],[0.1,1],[0.2,1],[0.3,1],[0.4,1],[0.5,1],[0.6,1],[0.7,1],[0.8,1],[0.9,1],[1,0.1],[1,0.3],[1,0.5],[1,0.7],[1,0.9]];" vertex="1" parent="1">
          <mxGeometry x="190.5" y="165" width="55.800000000000004" height="30" as="geometry" />
        </mxCell>
        <mxCell id="arrow-202" value="" style="endArrow=block;html=1;exitX=1;exitY=0.5;exitDx=0;exitDy=0;endFill=0;entryX=0;entryY=0.5;entryDx=0;entryDy=0;endSize=8;arcSize=0;rounded=0;" edge="1" source="class-200" target="class-201" parent="1">
          <mxGeometry relative="1" as="geometry" />
        </mxCell>
        <mxCell id="class-201" value="" style="rounded=0;whiteSpace=wrap;html=1;snapToPoint=1;points=[[0.1,0],[0.2,0],[0.3,0],[0.4,0],[0.5,0],[0.6,0],[0.7,0],[0.8,0],[0.9,0],[0,0.1],[0,0.3],[0,0.5],[0,0.7],[0,0.9],[0.1,1],[0.2,1],[0.3,1],[0.4,1],[0.5,1],[0.6,1],[0.7,1],[0.8,1],[0.9,1],[1,0.1],[1,0.3],[1,0.5],[1,0.7],[1,0.9]];" vertex="1" parent="1">
          <mxGeometry x="366.3" y="165" width="60" height="30" as="geometry" />
        </mxCell>
        <mxCell id="class-203" value="owl:Class" style="rounded=0;whiteSpace=wrap;html=1;snapToPoint=1;points=[[0.1,0],[0.2,0],[0.3,0],[0.4,0],[0.5,0],[0.6,0],[0.7,0],[0.8,0],[0.9,0],[0,0.1],[0,0.3],[0,0.5],[0,0.7],[0,0.9],[0.1,1],[0.2,1],[0.3,1],[0.4,1],[0.5,1],[0.6,1],[0.7,1],[0.8,1],[0.9,1],[1,0.1],[1,0.3],[1,0.5],[1,0.7],[1,0.9]];" vertex="1" parent="1">
          <mxGeometry x="610.3" y="165" width="55.800000000000004" height="30" as="geometry" />
        </mxCell>
        <mxCell id="arrow-204" value="(all) owl:ObjectProperty" style="endArrow=classic;html=1;exitX=1;exitY=0.5;exitDx=0;exitDy=0;entryX=0;entryY=0.5;entryDx=0;entryDy=0;endSize=8;arcSize=0;rounded=0;" edge="1" source="class-201" target="class-203" parent="1">
          <mxGeometry relative="1" as="geometry" />
        </mxCell>
        <mxCell id="document-205" value="Pattern 3" style="swimlane;whiteSpace=wrap;html=1;" vertex="1" parent="1">
          <mxGeometry x="0" y="330" width="170.5" height="145" as="geometry" />
        </mxCell>
        <mxCell id="text-document-205" value="owl:Class&lt;br&gt;&amp;nbsp;|rdfs:subClassOf&lt;br&gt;&amp;nbsp;|  |owl:Restriction&lt;br&gt;&amp;nbsp;|  |  |owl:allValuesFrom&lt;br&gt;&amp;nbsp;|  |  |  |owl:Class&lt;br&gt;&amp;nbsp;|  |  |  |  |owl:unionOf&lt;br&gt;&amp;nbsp;|  |  |owl:onProperty&lt;br&gt;&amp;nbsp;|  |  |  |owl:ObjectProperty" style="text;html=1;strokeColor=none;fillColor=none;align=center;verticalAlign=middle;whiteSpace=wrap;rounded=0;align=left;" vertex="1" parent="document-205">
          <mxGeometry x="0" y="25" width="170.5" height="120" as="geometry" />
        </mxCell>
        <mxCell id="class-206" value="owl:Class" style="rounded=0;whiteSpace=wrap;html=1;snapToPoint=1;points=[[0.1,0],[0.2,0],[0.3,0],[0.4,0],[0.5,0],[0.6,0],[0.7,0],[0.8,0],[0.9,0],[0,0.1],[0,0.3],[0,0.5],[0,0.7],[0,0.9],[0.1,1],[0.2,1],[0.3,1],[0.4,1],[0.5,1],[0.6,1],[0.7,1],[0.8,1],[0.9,1],[1,0.1],[1,0.3],[1,0.5],[1,0.7],[1,0.9]];" vertex="1" parent="1">
          <mxGeometry x="190.5" y="330" width="55.800000000000004" height="30" as="geometry" />
        </mxCell>
        <mxCell id="arrow-208" value="" style="endArrow=block;html=1;exitX=1;exitY=0.5;exitDx=0;exitDy=0;endFill=0;entryX=0;entryY=0.5;entryDx=0;entryDy=0;endSize=8;arcSize=0;rounded=0;" edge="1" source="class-206" target="class-207" parent="1">
          <mxGeometry relative="1" as="geometry" />
        </mxCell>
        <mxCell id="class-207" value="" style="rounded=0;whiteSpace=wrap;html=1;snapToPoint=1;points=[[0.1,0],[0.2,0],[0.3,0],[0.4,0],[0.5,0],[0.6,0],[0.7,0],[0.8,0],[0.9,0],[0,0.1],[0,0.3],[0,0.5],[0,0.7],[0,0.9],[0.1,1],[0.2,1],[0.3,1],[0.4,1],[0.5,1],[0.6,1],[0.7,1],[0.8,1],[0.9,1],[1,0.1],[1,0.3],[1,0.5],[1,0.7],[1,0.9]];" vertex="1" parent="1">
          <mxGeometry x="366.3" y="330" width="60" height="30" as="geometry" />
        </mxCell>
        <mxCell id="ellipse-209" value="⨆" style="ellipse;whiteSpace=wrap;html=1;aspect=fixed;fontSize=17;" vertex="1" parent="1">
          <mxGeometry x="610.3" y="330" width="30" height="30" as="geometry" />
        </mxCell>
        <mxCell id="arrow-210" value="(all) owl:ObjectProperty" style="endArrow=classic;html=1;exitX=1;exitY=0.5;exitDx=0;exitDy=0;entryX=0;entryY=0.5;entryDx=0;entryDy=0;endSize=8;arcSize=0;rounded=0;" edge="1" source="class-207" target="ellipse-209" parent="1">
          <mxGeometry relative="1" as="geometry" />
        </mxCell>
        <mxCell id="document-211" value="Pattern 4" style="swimlane;whiteSpace=wrap;html=1;" vertex="1" parent="1">
          <mxGeometry x="0" y="510" width="302.5" height="130" as="geometry" />
        </mxCell>
        <mxCell id="text-document-211" value="owl:Class&lt;br&gt;&amp;nbsp;|rdfs:subClassOf&lt;br&gt;&amp;nbsp;|  |owl:Restriction&lt;br&gt;&amp;nbsp;|  |  |owl:cardinality&lt;br&gt;&amp;nbsp;|  |  |  |Data value&lt;br&gt;&amp;nbsp;|  |  |owl:onProperty&lt;br&gt;&amp;nbsp;|  |  |  |owl:FunctionalProperty, owl:ObjectProperty" style="text;html=1;strokeColor=none;fillColor=none;align=center;verticalAlign=middle;whiteSpace=wrap;rounded=0;align=left;" vertex="1" parent="document-211">
          <mxGeometry x="0" y="25" width="302.5" height="105" as="geometry" />
        </mxCell>
        <mxCell id="class-212" value="owl:Class" style="rounded=0;whiteSpace=wrap;html=1;snapToPoint=1;points=[[0.1,0],[0.2,0],[0.3,0],[0.4,0],[0.5,0],[0.6,0],[0.7,0],[0.8,0],[0.9,0],[0,0.1],[0,0.3],[0,0.5],[0,0.7],[0,0.9],[0.1,1],[0.2,1],[0.3,1],[0.4,1],[0.5,1],[0.6,1],[0.7,1],[0.8,1],[0.9,1],[1,0.1],[1,0.3],[1,0.5],[1,0.7],[1,0.9]];" vertex="1" parent="1">
          <mxGeometry x="322.5" y="510" width="55.800000000000004" height="30" as="geometry" />
        </mxCell>
        <mxCell id="arrow-214" value="" style="endArrow=block;html=1;exitX=1;exitY=0.5;exitDx=0;exitDy=0;endFill=0;entryX=0;entryY=0.5;entryDx=0;entryDy=0;endSize=8;arcSize=0;rounded=0;" edge="1" source="class-212" target="class-213" parent="1">
          <mxGeometry relative="1" as="geometry" />
        </mxCell>
        <mxCell id="class-213" value="" style="rounded=0;whiteSpace=wrap;html=1;snapToPoint=1;points=[[0.1,0],[0.2,0],[0.3,0],[0.4,0],[0.5,0],[0.6,0],[0.7,0],[0.8,0],[0.9,0],[0,0.1],[0,0.3],[0,0.5],[0,0.7],[0,0.9],[0.1,1],[0.2,1],[0.3,1],[0.4,1],[0.5,1],[0.6,1],[0.7,1],[0.8,1],[0.9,1],[1,0.1],[1,0.3],[1,0.5],[1,0.7],[1,0.9]];" vertex="1" parent="1">
          <mxGeometry x="498.3" y="510" width="60" height="30" as="geometry" />
        </mxCell>
        <mxCell id="class-215" value="" style="rounded=0;whiteSpace=wrap;html=1;snapToPoint=1;points=[[0.1,0],[0.2,0],[0.3,0],[0.4,0],[0.5,0],[0.6,0],[0.7,0],[0.8,0],[0.9,0],[0,0.1],[0,0.3],[0,0.5],[0,0.7],[0,0.9],[0.1,1],[0.2,1],[0.3,1],[0.4,1],[0.5,1],[0.6,1],[0.7,1],[0.8,1],[0.9,1],[1,0.1],[1,0.3],[1,0.5],[1,0.7],[1,0.9]];" vertex="1" parent="1">
          <mxGeometry x="806.3" y="510" width="60" height="30" as="geometry" />
        </mxCell>
        <mxCell id="arrow-216" value="(N1..N1) (F) owl:ObjectProperty " style="endArrow=classic;html=1;exitX=1;exitY=0.5;exitDx=0;exitDy=0;entryX=0;entryY=0.5;entryDx=0;entryDy=0;endSize=8;arcSize=0;rounded=0;" edge="1" source="class-213" target="class-215" parent="1">
          <mxGeometry relative="1" as="geometry" />
        </mxCell>
        <mxCell id="document-217" value="Pattern 5" style="swimlane;whiteSpace=wrap;html=1;" vertex="1" parent="1">
          <mxGeometry x="0" y="675" width="187.0" height="160" as="geometry" />
        </mxCell>
        <mxCell id="text-document-217" value="owl:Class&lt;br&gt;&amp;nbsp;|rdfs:subClassOf&lt;br&gt;&amp;nbsp;|  |owl:Restriction&lt;br&gt;&amp;nbsp;|  |  |owl:onClass&lt;br&gt;&amp;nbsp;|  |  |  |owl:Class&lt;br&gt;&amp;nbsp;|  |  |owl:onProperty&lt;br&gt;&amp;nbsp;|  |  |  |owl:ObjectProperty&lt;br&gt;&amp;nbsp;|  |  |owl:qualifiedCardinality&lt;br&gt;&amp;nbsp;|  |  |  |Data value" style="text;html=1;strokeColor=none;fillColor=none;align=center;verticalAlign=middle;whiteSpace=wrap;rounded=0;align=left;" vertex="1" parent="document-217">
          <mxGeometry x="0" y="25" width="187.0" height="135" as="geometry" />
        </mxCell>
        <mxCell id="class-218" value="owl:Class" style="rounded=0;whiteSpace=wrap;html=1;snapToPoint=1;points=[[0.1,0],[0.2,0],[0.3,0],[0.4,0],[0.5,0],[0.6,0],[0.7,0],[0.8,0],[0.9,0],[0,0.1],[0,0.3],[0,0.5],[0,0.7],[0,0.9],[0.1,1],[0.2,1],[0.3,1],[0.4,1],[0.5,1],[0.6,1],[0.7,1],[0.8,1],[0.9,1],[1,0.1],[1,0.3],[1,0.5],[1,0.7],[1,0.9]];" vertex="1" parent="1">
          <mxGeometry x="207.0" y="675" width="55.800000000000004" height="30" as="geometry" />
        </mxCell>
        <mxCell id="arrow-220" value="" style="endArrow=block;html=1;exitX=1;exitY=0.5;exitDx=0;exitDy=0;endFill=0;entryX=0;entryY=0.5;entryDx=0;entryDy=0;endSize=8;arcSize=0;rounded=0;" edge="1" source="class-218" target="class-219" parent="1">
          <mxGeometry relative="1" as="geometry" />
        </mxCell>
        <mxCell id="class-219" value="" style="rounded=0;whiteSpace=wrap;html=1;snapToPoint=1;points=[[0.1,0],[0.2,0],[0.3,0],[0.4,0],[0.5,0],[0.6,0],[0.7,0],[0.8,0],[0.9,0],[0,0.1],[0,0.3],[0,0.5],[0,0.7],[0,0.9],[0.1,1],[0.2,1],[0.3,1],[0.4,1],[0.5,1],[0.6,1],[0.7,1],[0.8,1],[0.9,1],[1,0.1],[1,0.3],[1,0.5],[1,0.7],[1,0.9]];" vertex="1" parent="1">
          <mxGeometry x="382.8" y="675" width="60" height="30" as="geometry" />
        </mxCell>
        <mxCell id="class-221" value="owl:Class" style="rounded=0;whiteSpace=wrap;html=1;snapToPoint=1;points=[[0.1,0],[0.2,0],[0.3,0],[0.4,0],[0.5,0],[0.6,0],[0.7,0],[0.8,0],[0.9,0],[0,0.1],[0,0.3],[0,0.5],[0,0.7],[0,0.9],[0.1,1],[0.2,1],[0.3,1],[0.4,1],[0.5,1],[0.6,1],[0.7,1],[0.8,1],[0.9,1],[1,0.1],[1,0.3],[1,0.5],[1,0.7],[1,0.9]];" vertex="1" parent="1">
          <mxGeometry x="650.8" y="675" width="55.800000000000004" height="30" as="geometry" />
        </mxCell>
        <mxCell id="arrow-222" value="[N1..N1] owl:ObjectProperty" style="endArrow=classic;html=1;exitX=1;exitY=0.5;exitDx=0;exitDy=0;entryX=0;entryY=0.5;entryDx=0;entryDy=0;endSize=8;arcSize=0;rounded=0;" edge="1" source="class-219" target="class-221" parent="1">
          <mxGeometry relative="1" as="geometry" />
        </mxCell>
        <mxCell id="document-223" value="Pattern 6" style="swimlane;whiteSpace=wrap;html=1;" vertex="1" parent="1">
          <mxGeometry x="0" y="870" width="181.5" height="130" as="geometry" />
        </mxCell>
        <mxCell id="text-document-223" value="owl:Class&lt;br&gt;&amp;nbsp;|rdfs:subClassOf&lt;br&gt;&amp;nbsp;|  |owl:Restriction&lt;br&gt;&amp;nbsp;|  |  |owl:cardinality&lt;br&gt;&amp;nbsp;|  |  |  |Data value&lt;br&gt;&amp;nbsp;|  |  |owl:onProperty&lt;br&gt;&amp;nbsp;|  |  |  |owl:DatatypeProperty" style="text;html=1;strokeColor=none;fillColor=none;align=center;verticalAlign=middle;whiteSpace=wrap;rounded=0;align=left;" vertex="1" parent="document-223">
          <mxGeometry x="0" y="25" width="181.5" height="105" as="geometry" />
        </mxCell>
        <mxCell id="class-224" value="owl:Class" style="rounded=0;whiteSpace=wrap;html=1;snapToPoint=1;points=[[0.1,0],[0.2,0],[0.3,0],[0.4,0],[0.5,0],[0.6,0],[0.7,0],[0.8,0],[0.9,0],[0,0.1],[0,0.3],[0,0.5],[0,0.7],[0,0.9],[0.1,1],[0.2,1],[0.3,1],[0.4,1],[0.5,1],[0.6,1],[0.7,1],[0.8,1],[0.9,1],[1,0.1],[1,0.3],[1,0.5],[1,0.7],[1,0.9]];" vertex="1" parent="1">
          <mxGeometry x="201.5" y="870" width="55.800000000000004" height="30" as="geometry" />
        </mxCell>
        <mxCell id="arrow-226" value="" style="endArrow=block;html=1;exitX=1;exitY=0.5;exitDx=0;exitDy=0;endFill=0;entryX=0;entryY=0.5;entryDx=0;entryDy=0;endSize=8;arcSize=0;rounded=0;" edge="1" source="class-224" target="class-225" parent="1">
          <mxGeometry relative="1" as="geometry" />
        </mxCell>
        <mxCell id="class-225" value="" style="rounded=0;whiteSpace=wrap;html=1;snapToPoint=1;points=[[0.1,0],[0.2,0],[0.3,0],[0.4,0],[0.5,0],[0.6,0],[0.7,0],[0.8,0],[0.9,0],[0,0.1],[0,0.3],[0,0.5],[0,0.7],[0,0.9],[0.1,1],[0.2,1],[0.3,1],[0.4,1],[0.5,1],[0.6,1],[0.7,1],[0.8,1],[0.9,1],[1,0.1],[1,0.3],[1,0.5],[1,0.7],[1,0.9]];" vertex="1" parent="1">
          <mxGeometry x="377.3" y="870" width="179.8" height="30" as="geometry" />
        </mxCell>
        <mxCell id="class-227" value="(N1..N1) owl:DatatypeProperty" style="rounded=0;whiteSpace=wrap;html=1;snapToPoint=1;points=[[0.1,0],[0.2,0],[0.3,0],[0.4,0],[0.5,0],[0.6,0],[0.7,0],[0.8,0],[0.9,0],[0,0.1],[0,0.3],[0,0.5],[0,0.7],[0,0.9],[0.1,1],[0.2,1],[0.3,1],[0.4,1],[0.5,1],[0.6,1],[0.7,1],[0.8,1],[0.9,1],[1,0.1],[1,0.3],[1,0.5],[1,0.7],[1,0.9]];" vertex="1" parent="1">
          <mxGeometry x="377.3" y="900" width="179.8" height="30" as="geometry" />
        </mxCell>
        <mxCell id="document-228" value="Pattern 7" style="swimlane;whiteSpace=wrap;html=1;" vertex="1" parent="1">
          <mxGeometry x="0" y="1035" width="181.5" height="130" as="geometry" />
        </mxCell>
        <mxCell id="text-document-228" value="owl:Class&lt;br&gt;&amp;nbsp;|rdfs:subClassOf&lt;br&gt;&amp;nbsp;|  |owl:Restriction&lt;br&gt;&amp;nbsp;|  |  |owl:allValuesFrom&lt;br&gt;&amp;nbsp;|  |  |  |rdfs:Datatype&lt;br&gt;&amp;nbsp;|  |  |owl:onProperty&lt;br&gt;&amp;nbsp;|  |  |  |owl:DatatypeProperty" style="text;html=1;strokeColor=none;fillColor=none;align=center;verticalAlign=middle;whiteSpace=wrap;rounded=0;align=left;" vertex="1" parent="document-228">
          <mxGeometry x="0" y="25" width="181.5" height="105" as="geometry" />
        </mxCell>
        <mxCell id="class-229" value="owl:Class" style="rounded=0;whiteSpace=wrap;html=1;snapToPoint=1;points=[[0.1,0],[0.2,0],[0.3,0],[0.4,0],[0.5,0],[0.6,0],[0.7,0],[0.8,0],[0.9,0],[0,0.1],[0,0.3],[0,0.5],[0,0.7],[0,0.9],[0.1,1],[0.2,1],[0.3,1],[0.4,1],[0.5,1],[0.6,1],[0.7,1],[0.8,1],[0.9,1],[1,0.1],[1,0.3],[1,0.5],[1,0.7],[1,0.9]];" vertex="1" parent="1">
          <mxGeometry x="201.5" y="1035" width="55.800000000000004" height="30" as="geometry" />
        </mxCell>
        <mxCell id="arrow-231" value="" style="endArrow=block;html=1;exitX=1;exitY=0.5;exitDx=0;exitDy=0;endFill=0;entryX=0;entryY=0.5;entryDx=0;entryDy=0;endSize=8;arcSize=0;rounded=0;" edge="1" source="class-229" target="class-230" parent="1">
          <mxGeometry relative="1" as="geometry" />
        </mxCell>
        <mxCell id="class-230" value="" style="rounded=0;whiteSpace=wrap;html=1;snapToPoint=1;points=[[0.1,0],[0.2,0],[0.3,0],[0.4,0],[0.5,0],[0.6,0],[0.7,0],[0.8,0],[0.9,0],[0,0.1],[0,0.3],[0,0.5],[0,0.7],[0,0.9],[0.1,1],[0.2,1],[0.3,1],[0.4,1],[0.5,1],[0.6,1],[0.7,1],[0.8,1],[0.9,1],[1,0.1],[1,0.3],[1,0.5],[1,0.7],[1,0.9]];" vertex="1" parent="1">
          <mxGeometry x="377.3" y="1035" width="254.20000000000002" height="30" as="geometry" />
        </mxCell>
        <mxCell id="class-232" value="(all) owl:DatatypeProperty: rdfs:Datatype" style="rounded=0;whiteSpace=wrap;html=1;snapToPoint=1;points=[[0.1,0],[0.2,0],[0.3,0],[0.4,0],[0.5,0],[0.6,0],[0.7,0],[0.8,0],[0.9,0],[0,0.1],[0,0.3],[0,0.5],[0,0.7],[0,0.9],[0.1,1],[0.2,1],[0.3,1],[0.4,1],[0.5,1],[0.6,1],[0.7,1],[0.8,1],[0.9,1],[1,0.1],[1,0.3],[1,0.5],[1,0.7],[1,0.9]];" vertex="1" parent="1">
          <mxGeometry x="377.3" y="1065" width="254.20000000000002" height="30" as="geometry" />
        </mxCell>
        <mxCell id="document-233" value="Pattern 8" style="swimlane;whiteSpace=wrap;html=1;" vertex="1" parent="1">
          <mxGeometry x="0" y="1200" width="203.5" height="160" as="geometry" />
        </mxCell>
        <mxCell id="text-document-233" value="owl:Class&lt;br&gt;&amp;nbsp;|rdfs:subClassOf&lt;br&gt;&amp;nbsp;|  |owl:Restriction&lt;br&gt;&amp;nbsp;|  |  |owl:minQualifiedCardinality&lt;br&gt;&amp;nbsp;|  |  |  |Data value&lt;br&gt;&amp;nbsp;|  |  |owl:onClass&lt;br&gt;&amp;nbsp;|  |  |  |owl:Class&lt;br&gt;&amp;nbsp;|  |  |owl:onProperty&lt;br&gt;&amp;nbsp;|  |  |  |owl:ObjectProperty" style="text;html=1;strokeColor=none;fillColor=none;align=center;verticalAlign=middle;whiteSpace=wrap;rounded=0;align=left;" vertex="1" parent="document-233">
          <mxGeometry x="0" y="25" width="203.5" height="135" as="geometry" />
        </mxCell>
        <mxCell id="class-234" value="owl:Class" style="rounded=0;whiteSpace=wrap;html=1;snapToPoint=1;points=[[0.1,0],[0.2,0],[0.3,0],[0.4,0],[0.5,0],[0.6,0],[0.7,0],[0.8,0],[0.9,0],[0,0.1],[0,0.3],[0,0.5],[0,0.7],[0,0.9],[0.1,1],[0.2,1],[0.3,1],[0.4,1],[0.5,1],[0.6,1],[0.7,1],[0.8,1],[0.9,1],[1,0.1],[1,0.3],[1,0.5],[1,0.7],[1,0.9]];" vertex="1" parent="1">
          <mxGeometry x="223.5" y="1200" width="55.800000000000004" height="30" as="geometry" />
        </mxCell>
        <mxCell id="arrow-236" value="" style="endArrow=block;html=1;exitX=1;exitY=0.5;exitDx=0;exitDy=0;endFill=0;entryX=0;entryY=0.5;entryDx=0;entryDy=0;endSize=8;arcSize=0;rounded=0;" edge="1" source="class-234" target="class-235" parent="1">
          <mxGeometry relative="1" as="geometry" />
        </mxCell>
        <mxCell id="class-235" value="" style="rounded=0;whiteSpace=wrap;html=1;snapToPoint=1;points=[[0.1,0],[0.2,0],[0.3,0],[0.4,0],[0.5,0],[0.6,0],[0.7,0],[0.8,0],[0.9,0],[0,0.1],[0,0.3],[0,0.5],[0,0.7],[0,0.9],[0.1,1],[0.2,1],[0.3,1],[0.4,1],[0.5,1],[0.6,1],[0.7,1],[0.8,1],[0.9,1],[1,0.1],[1,0.3],[1,0.5],[1,0.7],[1,0.9]];" vertex="1" parent="1">
          <mxGeometry x="399.3" y="1200" width="60" height="30" as="geometry" />
        </mxCell>
        <mxCell id="class-237" value="owl:Class" style="rounded=0;whiteSpace=wrap;html=1;snapToPoint=1;points=[[0.1,0],[0.2,0],[0.3,0],[0.4,0],[0.5,0],[0.6,0],[0.7,0],[0.8,0],[0.9,0],[0,0.1],[0,0.3],[0,0.5],[0,0.7],[0,0.9],[0.1,1],[0.2,1],[0.3,1],[0.4,1],[0.5,1],[0.6,1],[0.7,1],[0.8,1],[0.9,1],[1,0.1],[1,0.3],[1,0.5],[1,0.7],[1,0.9]];" vertex="1" parent="1">
          <mxGeometry x="659.3" y="1200" width="55.800000000000004" height="30" as="geometry" />
        </mxCell>
        <mxCell id="arrow-238" value="[N1..N] owl:ObjectProperty" style="endArrow=classic;html=1;exitX=1;exitY=0.5;exitDx=0;exitDy=0;entryX=0;entryY=0.5;entryDx=0;entryDy=0;endSize=8;arcSize=0;rounded=0;" edge="1" source="class-235" target="class-237" parent="1">
          <mxGeometry relative="1" as="geometry" />
        </mxCell>
        <mxCell id="document-239" value="Pattern 9" style="swimlane;whiteSpace=wrap;html=1;" vertex="1" parent="1">
          <mxGeometry x="0" y="1395" width="170.5" height="130" as="geometry" />
        </mxCell>
        <mxCell id="text-document-239" value="owl:Class&lt;br&gt;&amp;nbsp;|rdfs:subClassOf&lt;br&gt;&amp;nbsp;|  |owl:Restriction&lt;br&gt;&amp;nbsp;|  |  |owl:onProperty&lt;br&gt;&amp;nbsp;|  |  |  |owl:ObjectProperty&lt;br&gt;&amp;nbsp;|  |  |owl:someValuesFrom&lt;br&gt;&amp;nbsp;|  |  |  |owl:Class" style="text;html=1;strokeColor=none;fillColor=none;align=center;verticalAlign=middle;whiteSpace=wrap;rounded=0;align=left;" vertex="1" parent="document-239">
          <mxGeometry x="0" y="25" width="170.5" height="105" as="geometry" />
        </mxCell>
        <mxCell id="class-240" value="owl:Class" style="rounded=0;whiteSpace=wrap;html=1;snapToPoint=1;points=[[0.1,0],[0.2,0],[0.3,0],[0.4,0],[0.5,0],[0.6,0],[0.7,0],[0.8,0],[0.9,0],[0,0.1],[0,0.3],[0,0.5],[0,0.7],[0,0.9],[0.1,1],[0.2,1],[0.3,1],[0.4,1],[0.5,1],[0.6,1],[0.7,1],[0.8,1],[0.9,1],[1,0.1],[1,0.3],[1,0.5],[1,0.7],[1,0.9]];" vertex="1" parent="1">
          <mxGeometry x="190.5" y="1395" width="55.800000000000004" height="30" as="geometry" />
        </mxCell>
        <mxCell id="arrow-242" value="" style="endArrow=block;html=1;exitX=1;exitY=0.5;exitDx=0;exitDy=0;endFill=0;entryX=0;entryY=0.5;entryDx=0;entryDy=0;endSize=8;arcSize=0;rounded=0;" edge="1" source="class-240" target="class-241" parent="1">
          <mxGeometry relative="1" as="geometry" />
        </mxCell>
        <mxCell id="class-241" value="" style="rounded=0;whiteSpace=wrap;html=1;snapToPoint=1;points=[[0.1,0],[0.2,0],[0.3,0],[0.4,0],[0.5,0],[0.6,0],[0.7,0],[0.8,0],[0.9,0],[0,0.1],[0,0.3],[0,0.5],[0,0.7],[0,0.9],[0.1,1],[0.2,1],[0.3,1],[0.4,1],[0.5,1],[0.6,1],[0.7,1],[0.8,1],[0.9,1],[1,0.1],[1,0.3],[1,0.5],[1,0.7],[1,0.9]];" vertex="1" parent="1">
          <mxGeometry x="366.3" y="1395" width="60" height="30" as="geometry" />
        </mxCell>
        <mxCell id="class-243" value="owl:Class" style="rounded=0;whiteSpace=wrap;html=1;snapToPoint=1;points=[[0.1,0],[0.2,0],[0.3,0],[0.4,0],[0.5,0],[0.6,0],[0.7,0],[0.8,0],[0.9,0],[0,0.1],[0,0.3],[0,0.5],[0,0.7],[0,0.9],[0.1,1],[0.2,1],[0.3,1],[0.4,1],[0.5,1],[0.6,1],[0.7,1],[0.8,1],[0.9,1],[1,0.1],[1,0.3],[1,0.5],[1,0.7],[1,0.9]];" vertex="1" parent="1">
          <mxGeometry x="618.3" y="1395" width="55.800000000000004" height="30" as="geometry" />
        </mxCell>
        <mxCell id="arrow-244" value="(some) owl:ObjectProperty" style="endArrow=classic;html=1;exitX=1;exitY=0.5;exitDx=0;exitDy=0;entryX=0;entryY=0.5;entryDx=0;entryDy=0;endSize=8;arcSize=0;rounded=0;" edge="1" source="class-241" target="class-243" parent="1">
          <mxGeometry relative="1" as="geometry" />
        </mxCell>
        <mxCell id="document-245" value="Pattern 10" style="swimlane;whiteSpace=wrap;html=1;" vertex="1" parent="1">
          <mxGeometry x="0" y="1560" width="187.0" height="160" as="geometry" />
        </mxCell>
        <mxCell id="text-document-245" value="owl:Class&lt;br&gt;&amp;nbsp;|rdfs:subClassOf&lt;br&gt;&amp;nbsp;|  |owl:Restriction&lt;br&gt;&amp;nbsp;|  |  |owl:onDataRange&lt;br&gt;&amp;nbsp;|  |  |  |rdfs:Datatype&lt;br&gt;&amp;nbsp;|  |  |owl:onProperty&lt;br&gt;&amp;nbsp;|  |  |  |owl:DatatypeProperty&lt;br&gt;&amp;nbsp;|  |  |owl:qualifiedCardinality&lt;br&gt;&amp;nbsp;|  |  |  |Data value" style="text;html=1;strokeColor=none;fillColor=none;align=center;verticalAlign=middle;whiteSpace=wrap;rounded=0;align=left;" vertex="1" parent="document-245">
          <mxGeometry x="0" y="25" width="187.0" height="135" as="geometry" />
        </mxCell>
        <mxCell id="class-246" value="owl:Class" style="rounded=0;whiteSpace=wrap;html=1;snapToPoint=1;points=[[0.1,0],[0.2,0],[0.3,0],[0.4,0],[0.5,0],[0.6,0],[0.7,0],[0.8,0],[0.9,0],[0,0.1],[0,0.3],[0,0.5],[0,0.7],[0,0.9],[0.1,1],[0.2,1],[0.3,1],[0.4,1],[0.5,1],[0.6,1],[0.7,1],[0.8,1],[0.9,1],[1,0.1],[1,0.3],[1,0.5],[1,0.7],[1,0.9]];" vertex="1" parent="1">
          <mxGeometry x="207.0" y="1560" width="55.800000000000004" height="30" as="geometry" />
        </mxCell>
        <mxCell id="arrow-248" value="" style="endArrow=block;html=1;exitX=1;exitY=0.5;exitDx=0;exitDy=0;endFill=0;entryX=0;entryY=0.5;entryDx=0;entryDy=0;endSize=8;arcSize=0;rounded=0;" edge="1" source="class-246" target="class-247" parent="1">
          <mxGeometry relative="1" as="geometry" />
        </mxCell>
        <mxCell id="class-247" value="" style="rounded=0;whiteSpace=wrap;html=1;snapToPoint=1;points=[[0.1,0],[0.2,0],[0.3,0],[0.4,0],[0.5,0],[0.6,0],[0.7,0],[0.8,0],[0.9,0],[0,0.1],[0,0.3],[0,0.5],[0,0.7],[0,0.9],[0.1,1],[0.2,1],[0.3,1],[0.4,1],[0.5,1],[0.6,1],[0.7,1],[0.8,1],[0.9,1],[1,0.1],[1,0.3],[1,0.5],[1,0.7],[1,0.9]];" vertex="1" parent="1">
          <mxGeometry x="382.8" y="1560" width="272.8" height="30" as="geometry" />
        </mxCell>
        <mxCell id="class-249" value="[N1..N1] owl:DatatypeProperty: rdfs:Datatype" style="rounded=0;whiteSpace=wrap;html=1;snapToPoint=1;points=[[0.1,0],[0.2,0],[0.3,0],[0.4,0],[0.5,0],[0.6,0],[0.7,0],[0.8,0],[0.9,0],[0,0.1],[0,0.3],[0,0.5],[0,0.7],[0,0.9],[0.1,1],[0.2,1],[0.3,1],[0.4,1],[0.5,1],[0.6,1],[0.7,1],[0.8,1],[0.9,1],[1,0.1],[1,0.3],[1,0.5],[1,0.7],[1,0.9]];" vertex="1" parent="1">
          <mxGeometry x="382.8" y="1590" width="272.8" height="30" as="geometry" />
        </mxCell>
        <mxCell id="document-250" value="Pattern 11" style="swimlane;whiteSpace=wrap;html=1;" vertex="1" parent="1">
          <mxGeometry x="0" y="1755" width="181.5" height="130" as="geometry" />
        </mxCell>
        <mxCell id="text-document-250" value="owl:Class&lt;br&gt;&amp;nbsp;|rdfs:subClassOf&lt;br&gt;&amp;nbsp;|  |owl:Restriction&lt;br&gt;&amp;nbsp;|  |  |owl:onProperty&lt;br&gt;&amp;nbsp;|  |  |  |owl:DatatypeProperty&lt;br&gt;&amp;nbsp;|  |  |owl:someValuesFrom&lt;br&gt;&amp;nbsp;|  |  |  |rdfs:Datatype" style="text;html=1;strokeColor=none;fillColor=none;align=center;verticalAlign=middle;whiteSpace=wrap;rounded=0;align=left;" vertex="1" parent="document-250">
          <mxGeometry x="0" y="25" width="181.5" height="105" as="geometry" />
        </mxCell>
        <mxCell id="class-251" value="owl:Class" style="rounded=0;whiteSpace=wrap;html=1;snapToPoint=1;points=[[0.1,0],[0.2,0],[0.3,0],[0.4,0],[0.5,0],[0.6,0],[0.7,0],[0.8,0],[0.9,0],[0,0.1],[0,0.3],[0,0.5],[0,0.7],[0,0.9],[0.1,1],[0.2,1],[0.3,1],[0.4,1],[0.5,1],[0.6,1],[0.7,1],[0.8,1],[0.9,1],[1,0.1],[1,0.3],[1,0.5],[1,0.7],[1,0.9]];" vertex="1" parent="1">
          <mxGeometry x="201.5" y="1755" width="55.800000000000004" height="30" as="geometry" />
        </mxCell>
        <mxCell id="arrow-253" value="" style="endArrow=block;html=1;exitX=1;exitY=0.5;exitDx=0;exitDy=0;endFill=0;entryX=0;entryY=0.5;entryDx=0;entryDy=0;endSize=8;arcSize=0;rounded=0;" edge="1" source="class-251" target="class-252" parent="1">
          <mxGeometry relative="1" as="geometry" />
        </mxCell>
        <mxCell id="class-252" value="" style="rounded=0;whiteSpace=wrap;html=1;snapToPoint=1;points=[[0.1,0],[0.2,0],[0.3,0],[0.4,0],[0.5,0],[0.6,0],[0.7,0],[0.8,0],[0.9,0],[0,0.1],[0,0.3],[0,0.5],[0,0.7],[0,0.9],[0.1,1],[0.2,1],[0.3,1],[0.4,1],[0.5,1],[0.6,1],[0.7,1],[0.8,1],[0.9,1],[1,0.1],[1,0.3],[1,0.5],[1,0.7],[1,0.9]];" vertex="1" parent="1">
          <mxGeometry x="377.3" y="1755" width="260.40000000000003" height="30" as="geometry" />
        </mxCell>
        <mxCell id="class-254" value="(some) owl:DatatypeProperty: rdfs:Datatype" style="rounded=0;whiteSpace=wrap;html=1;snapToPoint=1;points=[[0.1,0],[0.2,0],[0.3,0],[0.4,0],[0.5,0],[0.6,0],[0.7,0],[0.8,0],[0.9,0],[0,0.1],[0,0.3],[0,0.5],[0,0.7],[0,0.9],[0.1,1],[0.2,1],[0.3,1],[0.4,1],[0.5,1],[0.6,1],[0.7,1],[0.8,1],[0.9,1],[1,0.1],[1,0.3],[1,0.5],[1,0.7],[1,0.9]];" vertex="1" parent="1">
          <mxGeometry x="377.3" y="1785" width="260.40000000000003" height="30" as="geometry" />
        </mxCell>
        <mxCell id="document-255" value="Pattern 12" style="swimlane;whiteSpace=wrap;html=1;" vertex="1" parent="1">
          <mxGeometry x="0" y="1920" width="203.5" height="160" as="geometry" />
        </mxCell>
        <mxCell id="text-document-255" value="owl:Class&lt;br&gt;&amp;nbsp;|rdfs:subClassOf&lt;br&gt;&amp;nbsp;|  |owl:Restriction&lt;br&gt;&amp;nbsp;|  |  |owl:maxQualifiedCardinality&lt;br&gt;&amp;nbsp;|  |  |  |Data value&lt;br&gt;&amp;nbsp;|  |  |owl:onClass&lt;br&gt;&amp;nbsp;|  |  |  |owl:Class&lt;br&gt;&amp;nbsp;|  |  |owl:onProperty&lt;br&gt;&amp;nbsp;|  |  |  |owl:ObjectProperty" style="text;html=1;strokeColor=none;fillColor=none;align=center;verticalAlign=middle;whiteSpace=wrap;rounded=0;align=left;" vertex="1" parent="document-255">
          <mxGeometry x="0" y="25" width="203.5" height="135" as="geometry" />
        </mxCell>
        <mxCell id="class-256" value="owl:Class" style="rounded=0;whiteSpace=wrap;html=1;snapToPoint=1;points=[[0.1,0],[0.2,0],[0.3,0],[0.4,0],[0.5,0],[0.6,0],[0.7,0],[0.8,0],[0.9,0],[0,0.1],[0,0.3],[0,0.5],[0,0.7],[0,0.9],[0.1,1],[0.2,1],[0.3,1],[0.4,1],[0.5,1],[0.6,1],[0.7,1],[0.8,1],[0.9,1],[1,0.1],[1,0.3],[1,0.5],[1,0.7],[1,0.9]];" vertex="1" parent="1">
          <mxGeometry x="223.5" y="1920" width="55.800000000000004" height="30" as="geometry" />
        </mxCell>
        <mxCell id="arrow-258" value="" style="endArrow=block;html=1;exitX=1;exitY=0.5;exitDx=0;exitDy=0;endFill=0;entryX=0;entryY=0.5;entryDx=0;entryDy=0;endSize=8;arcSize=0;rounded=0;" edge="1" source="class-256" target="class-257" parent="1">
          <mxGeometry relative="1" as="geometry" />
        </mxCell>
        <mxCell id="class-257" value="" style="rounded=0;whiteSpace=wrap;html=1;snapToPoint=1;points=[[0.1,0],[0.2,0],[0.3,0],[0.4,0],[0.5,0],[0.6,0],[0.7,0],[0.8,0],[0.9,0],[0,0.1],[0,0.3],[0,0.5],[0,0.7],[0,0.9],[0.1,1],[0.2,1],[0.3,1],[0.4,1],[0.5,1],[0.6,1],[0.7,1],[0.8,1],[0.9,1],[1,0.1],[1,0.3],[1,0.5],[1,0.7],[1,0.9]];" vertex="1" parent="1">
          <mxGeometry x="399.3" y="1920" width="60" height="30" as="geometry" />
        </mxCell>
        <mxCell id="class-259" value="owl:Class" style="rounded=0;whiteSpace=wrap;html=1;snapToPoint=1;points=[[0.1,0],[0.2,0],[0.3,0],[0.4,0],[0.5,0],[0.6,0],[0.7,0],[0.8,0],[0.9,0],[0,0.1],[0,0.3],[0,0.5],[0,0.7],[0,0.9],[0.1,1],[0.2,1],[0.3,1],[0.4,1],[0.5,1],[0.6,1],[0.7,1],[0.8,1],[0.9,1],[1,0.1],[1,0.3],[1,0.5],[1,0.7],[1,0.9]];" vertex="1" parent="1">
          <mxGeometry x="659.3" y="1920" width="55.800000000000004" height="30" as="geometry" />
        </mxCell>
        <mxCell id="arrow-260" value="[0..N2] owl:ObjectProperty" style="endArrow=classic;html=1;exitX=1;exitY=0.5;exitDx=0;exitDy=0;entryX=0;entryY=0.5;entryDx=0;entryDy=0;endSize=8;arcSize=0;rounded=0;" edge="1" source="class-257" target="class-259" parent="1">
          <mxGeometry relative="1" as="geometry" />
        </mxCell>
        <mxCell id="document-261" value="Pattern 13" style="swimlane;whiteSpace=wrap;html=1;" vertex="1" parent="1">
          <mxGeometry x="0" y="2115" width="313.5" height="130" as="geometry" />
        </mxCell>
        <mxCell id="text-document-261" value="owl:Class&lt;br&gt;&amp;nbsp;|rdfs:subClassOf&lt;br&gt;&amp;nbsp;|  |owl:Restriction&lt;br&gt;&amp;nbsp;|  |  |owl:allValuesFrom&lt;br&gt;&amp;nbsp;|  |  |  |rdfs:Datatype&lt;br&gt;&amp;nbsp;|  |  |owl:onProperty&lt;br&gt;&amp;nbsp;|  |  |  |owl:DatatypeProperty, owl:FunctionalProperty" style="text;html=1;strokeColor=none;fillColor=none;align=center;verticalAlign=middle;whiteSpace=wrap;rounded=0;align=left;" vertex="1" parent="document-261">
          <mxGeometry x="0" y="25" width="313.5" height="105" as="geometry" />
        </mxCell>
        <mxCell id="class-262" value="owl:Class" style="rounded=0;whiteSpace=wrap;html=1;snapToPoint=1;points=[[0.1,0],[0.2,0],[0.3,0],[0.4,0],[0.5,0],[0.6,0],[0.7,0],[0.8,0],[0.9,0],[0,0.1],[0,0.3],[0,0.5],[0,0.7],[0,0.9],[0.1,1],[0.2,1],[0.3,1],[0.4,1],[0.5,1],[0.6,1],[0.7,1],[0.8,1],[0.9,1],[1,0.1],[1,0.3],[1,0.5],[1,0.7],[1,0.9]];" vertex="1" parent="1">
          <mxGeometry x="333.5" y="2115" width="55.800000000000004" height="30" as="geometry" />
        </mxCell>
        <mxCell id="arrow-264" value="" style="endArrow=block;html=1;exitX=1;exitY=0.5;exitDx=0;exitDy=0;endFill=0;entryX=0;entryY=0.5;entryDx=0;entryDy=0;endSize=8;arcSize=0;rounded=0;" edge="1" source="class-262" target="class-263" parent="1">
          <mxGeometry relative="1" as="geometry" />
        </mxCell>
        <mxCell id="class-263" value="" style="rounded=0;whiteSpace=wrap;html=1;snapToPoint=1;points=[[0.1,0],[0.2,0],[0.3,0],[0.4,0],[0.5,0],[0.6,0],[0.7,0],[0.8,0],[0.9,0],[0,0.1],[0,0.3],[0,0.5],[0,0.7],[0,0.9],[0.1,1],[0.2,1],[0.3,1],[0.4,1],[0.5,1],[0.6,1],[0.7,1],[0.8,1],[0.9,1],[1,0.1],[1,0.3],[1,0.5],[1,0.7],[1,0.9]];" vertex="1" parent="1">
          <mxGeometry x="509.3" y="2115" width="285.2" height="30" as="geometry" />
        </mxCell>
        <mxCell id="class-265" value="(all) (F) owl:DatatypeProperty : rdfs:Datatype" style="rounded=0;whiteSpace=wrap;html=1;snapToPoint=1;points=[[0.1,0],[0.2,0],[0.3,0],[0.4,0],[0.5,0],[0.6,0],[0.7,0],[0.8,0],[0.9,0],[0,0.1],[0,0.3],[0,0.5],[0,0.7],[0,0.9],[0.1,1],[0.2,1],[0.3,1],[0.4,1],[0.5,1],[0.6,1],[0.7,1],[0.8,1],[0.9,1],[1,0.1],[1,0.3],[1,0.5],[1,0.7],[1,0.9]];" vertex="1" parent="1">
          <mxGeometry x="509.3" y="2145" width="285.2" height="30" as="geometry" />
        </mxCell>
        <mxCell id="document-266" value="Pattern 14" style="swimlane;whiteSpace=wrap;html=1;" vertex="1" parent="1">
          <mxGeometry x="0" y="2280" width="302.5" height="130" as="geometry" />
        </mxCell>
        <mxCell id="text-document-266" value="owl:Class&lt;br&gt;&amp;nbsp;|rdfs:subClassOf&lt;br&gt;&amp;nbsp;|  |owl:Restriction&lt;br&gt;&amp;nbsp;|  |  |owl:allValuesFrom&lt;br&gt;&amp;nbsp;|  |  |  |owl:Class&lt;br&gt;&amp;nbsp;|  |  |owl:onProperty&lt;br&gt;&amp;nbsp;|  |  |  |owl:ObjectProperty, owl:TransitiveProperty" style="text;html=1;strokeColor=none;fillColor=none;align=center;verticalAlign=middle;whiteSpace=wrap;rounded=0;align=left;" vertex="1" parent="document-266">
          <mxGeometry x="0" y="25" width="302.5" height="105" as="geometry" />
        </mxCell>
        <mxCell id="class-267" value="owl:Class" style="rounded=0;whiteSpace=wrap;html=1;snapToPoint=1;points=[[0.1,0],[0.2,0],[0.3,0],[0.4,0],[0.5,0],[0.6,0],[0.7,0],[0.8,0],[0.9,0],[0,0.1],[0,0.3],[0,0.5],[0,0.7],[0,0.9],[0.1,1],[0.2,1],[0.3,1],[0.4,1],[0.5,1],[0.6,1],[0.7,1],[0.8,1],[0.9,1],[1,0.1],[1,0.3],[1,0.5],[1,0.7],[1,0.9]];" vertex="1" parent="1">
          <mxGeometry x="322.5" y="2280" width="55.800000000000004" height="30" as="geometry" />
        </mxCell>
        <mxCell id="arrow-269" value="" style="endArrow=block;html=1;exitX=1;exitY=0.5;exitDx=0;exitDy=0;endFill=0;entryX=0;entryY=0.5;entryDx=0;entryDy=0;endSize=8;arcSize=0;rounded=0;" edge="1" source="class-267" target="class-268" parent="1">
          <mxGeometry relative="1" as="geometry" />
        </mxCell>
        <mxCell id="class-268" value="" style="rounded=0;whiteSpace=wrap;html=1;snapToPoint=1;points=[[0.1,0],[0.2,0],[0.3,0],[0.4,0],[0.5,0],[0.6,0],[0.7,0],[0.8,0],[0.9,0],[0,0.1],[0,0.3],[0,0.5],[0,0.7],[0,0.9],[0.1,1],[0.2,1],[0.3,1],[0.4,1],[0.5,1],[0.6,1],[0.7,1],[0.8,1],[0.9,1],[1,0.1],[1,0.3],[1,0.5],[1,0.7],[1,0.9]];" vertex="1" parent="1">
          <mxGeometry x="498.3" y="2280" width="60" height="30" as="geometry" />
        </mxCell>
        <mxCell id="class-270" value="owl:Class" style="rounded=0;whiteSpace=wrap;html=1;snapToPoint=1;points=[[0.1,0],[0.2,0],[0.3,0],[0.4,0],[0.5,0],[0.6,0],[0.7,0],[0.8,0],[0.9,0],[0,0.1],[0,0.3],[0,0.5],[0,0.7],[0,0.9],[0.1,1],[0.2,1],[0.3,1],[0.4,1],[0.5,1],[0.6,1],[0.7,1],[0.8,1],[0.9,1],[1,0.1],[1,0.3],[1,0.5],[1,0.7],[1,0.9]];" vertex="1" parent="1">
          <mxGeometry x="782.3" y="2280" width="55.800000000000004" height="30" as="geometry" />
        </mxCell>
        <mxCell id="arrow-271" value="(all) (T) owl:ObjectProperty " style="endArrow=classic;html=1;exitX=1;exitY=0.5;exitDx=0;exitDy=0;entryX=0;entryY=0.5;entryDx=0;entryDy=0;endSize=8;arcSize=0;rounded=0;" edge="1" source="class-268" target="class-270" parent="1">
          <mxGeometry relative="1" as="geometry" />
        </mxCell>
        <mxCell id="document-272" value="Pattern 15" style="swimlane;whiteSpace=wrap;html=1;" vertex="1" parent="1">
          <mxGeometry x="0" y="2445" width="302.5" height="145" as="geometry" />
        </mxCell>
        <mxCell id="text-document-272" value="owl:Class&lt;br&gt;&amp;nbsp;|rdfs:subClassOf&lt;br&gt;&amp;nbsp;|  |owl:Restriction&lt;br&gt;&amp;nbsp;|  |  |owl:allValuesFrom&lt;br&gt;&amp;nbsp;|  |  |  |owl:Class&lt;br&gt;&amp;nbsp;|  |  |  |  |owl:unionOf&lt;br&gt;&amp;nbsp;|  |  |owl:onProperty&lt;br&gt;&amp;nbsp;|  |  |  |owl:ObjectProperty, owl:TransitiveProperty" style="text;html=1;strokeColor=none;fillColor=none;align=center;verticalAlign=middle;whiteSpace=wrap;rounded=0;align=left;" vertex="1" parent="document-272">
          <mxGeometry x="0" y="25" width="302.5" height="120" as="geometry" />
        </mxCell>
        <mxCell id="class-273" value="owl:Class" style="rounded=0;whiteSpace=wrap;html=1;snapToPoint=1;points=[[0.1,0],[0.2,0],[0.3,0],[0.4,0],[0.5,0],[0.6,0],[0.7,0],[0.8,0],[0.9,0],[0,0.1],[0,0.3],[0,0.5],[0,0.7],[0,0.9],[0.1,1],[0.2,1],[0.3,1],[0.4,1],[0.5,1],[0.6,1],[0.7,1],[0.8,1],[0.9,1],[1,0.1],[1,0.3],[1,0.5],[1,0.7],[1,0.9]];" vertex="1" parent="1">
          <mxGeometry x="322.5" y="2445" width="55.800000000000004" height="30" as="geometry" />
        </mxCell>
        <mxCell id="arrow-275" value="" style="endArrow=block;html=1;exitX=1;exitY=0.5;exitDx=0;exitDy=0;endFill=0;entryX=0;entryY=0.5;entryDx=0;entryDy=0;endSize=8;arcSize=0;rounded=0;" edge="1" source="class-273" target="class-274" parent="1">
          <mxGeometry relative="1" as="geometry" />
        </mxCell>
        <mxCell id="class-274" value="" style="rounded=0;whiteSpace=wrap;html=1;snapToPoint=1;points=[[0.1,0],[0.2,0],[0.3,0],[0.4,0],[0.5,0],[0.6,0],[0.7,0],[0.8,0],[0.9,0],[0,0.1],[0,0.3],[0,0.5],[0,0.7],[0,0.9],[0.1,1],[0.2,1],[0.3,1],[0.4,1],[0.5,1],[0.6,1],[0.7,1],[0.8,1],[0.9,1],[1,0.1],[1,0.3],[1,0.5],[1,0.7],[1,0.9]];" vertex="1" parent="1">
          <mxGeometry x="498.3" y="2445" width="60" height="30" as="geometry" />
        </mxCell>
        <mxCell id="ellipse-276" value="⨆" style="ellipse;whiteSpace=wrap;html=1;aspect=fixed;fontSize=17;" vertex="1" parent="1">
          <mxGeometry x="782.3" y="2445" width="30" height="30" as="geometry" />
        </mxCell>
        <mxCell id="arrow-277" value="(all) (T) owl:ObjectProperty " style="endArrow=classic;html=1;exitX=1;exitY=0.5;exitDx=0;exitDy=0;entryX=0;entryY=0.5;entryDx=0;entryDy=0;endSize=8;arcSize=0;rounded=0;" edge="1" source="class-274" target="ellipse-276" parent="1">
          <mxGeometry relative="1" as="geometry" />
        </mxCell>
        <mxCell id="document-278" value="Pattern 16" style="swimlane;whiteSpace=wrap;html=1;" vertex="1" parent="1">
          <mxGeometry x="0" y="2625" width="203.5" height="160" as="geometry" />
        </mxCell>
        <mxCell id="text-document-278" value="owl:Class&lt;br&gt;&amp;nbsp;|rdfs:subClassOf&lt;br&gt;&amp;nbsp;|  |owl:Restriction&lt;br&gt;&amp;nbsp;|  |  |owl:maxQualifiedCardinality&lt;br&gt;&amp;nbsp;|  |  |  |Data value&lt;br&gt;&amp;nbsp;|  |  |owl:onDataRange&lt;br&gt;&amp;nbsp;|  |  |  |rdfs:Datatype&lt;br&gt;&amp;nbsp;|  |  |owl:onProperty&lt;br&gt;&amp;nbsp;|  |  |  |owl:DatatypeProperty" style="text;html=1;strokeColor=none;fillColor=none;align=center;verticalAlign=middle;whiteSpace=wrap;rounded=0;align=left;" vertex="1" parent="document-278">
          <mxGeometry x="0" y="25" width="203.5" height="135" as="geometry" />
        </mxCell>
        <mxCell id="class-279" value="owl:Class" style="rounded=0;whiteSpace=wrap;html=1;snapToPoint=1;points=[[0.1,0],[0.2,0],[0.3,0],[0.4,0],[0.5,0],[0.6,0],[0.7,0],[0.8,0],[0.9,0],[0,0.1],[0,0.3],[0,0.5],[0,0.7],[0,0.9],[0.1,1],[0.2,1],[0.3,1],[0.4,1],[0.5,1],[0.6,1],[0.7,1],[0.8,1],[0.9,1],[1,0.1],[1,0.3],[1,0.5],[1,0.7],[1,0.9]];" vertex="1" parent="1">
          <mxGeometry x="223.5" y="2625" width="55.800000000000004" height="30" as="geometry" />
        </mxCell>
        <mxCell id="arrow-281" value="" style="endArrow=block;html=1;exitX=1;exitY=0.5;exitDx=0;exitDy=0;endFill=0;entryX=0;entryY=0.5;entryDx=0;entryDy=0;endSize=8;arcSize=0;rounded=0;" edge="1" source="class-279" target="class-280" parent="1">
          <mxGeometry relative="1" as="geometry" />
        </mxCell>
        <mxCell id="class-280" value="" style="rounded=0;whiteSpace=wrap;html=1;snapToPoint=1;points=[[0.1,0],[0.2,0],[0.3,0],[0.4,0],[0.5,0],[0.6,0],[0.7,0],[0.8,0],[0.9,0],[0,0.1],[0,0.3],[0,0.5],[0,0.7],[0,0.9],[0.1,1],[0.2,1],[0.3,1],[0.4,1],[0.5,1],[0.6,1],[0.7,1],[0.8,1],[0.9,1],[1,0.1],[1,0.3],[1,0.5],[1,0.7],[1,0.9]];" vertex="1" parent="1">
          <mxGeometry x="399.3" y="2625" width="266.6" height="30" as="geometry" />
        </mxCell>
        <mxCell id="class-282" value="[0..N2] owl:DatatypeProperty: rdfs:Datatype" style="rounded=0;whiteSpace=wrap;html=1;snapToPoint=1;points=[[0.1,0],[0.2,0],[0.3,0],[0.4,0],[0.5,0],[0.6,0],[0.7,0],[0.8,0],[0.9,0],[0,0.1],[0,0.3],[0,0.5],[0,0.7],[0,0.9],[0.1,1],[0.2,1],[0.3,1],[0.4,1],[0.5,1],[0.6,1],[0.7,1],[0.8,1],[0.9,1],[1,0.1],[1,0.3],[1,0.5],[1,0.7],[1,0.9]];" vertex="1" parent="1">
          <mxGeometry x="399.3" y="2655" width="266.6" height="30" as="geometry" />
        </mxCell>
        <mxCell id="document-283" value="Pattern 17" style="swimlane;whiteSpace=wrap;html=1;" vertex="1" parent="1">
          <mxGeometry x="0" y="2820" width="313.5" height="160" as="geometry" />
        </mxCell>
        <mxCell id="text-document-283" value="owl:Class&lt;br&gt;&amp;nbsp;|rdfs:subClassOf&lt;br&gt;&amp;nbsp;|  |owl:Restriction&lt;br&gt;&amp;nbsp;|  |  |owl:maxQualifiedCardinality&lt;br&gt;&amp;nbsp;|  |  |  |Data value&lt;br&gt;&amp;nbsp;|  |  |owl:onDataRange&lt;br&gt;&amp;nbsp;|  |  |  |rdfs:Datatype&lt;br&gt;&amp;nbsp;|  |  |owl:onProperty&lt;br&gt;&amp;nbsp;|  |  |  |owl:DatatypeProperty, owl:FunctionalProperty" style="text;html=1;strokeColor=none;fillColor=none;align=center;verticalAlign=middle;whiteSpace=wrap;rounded=0;align=left;" vertex="1" parent="document-283">
          <mxGeometry x="0" y="25" width="313.5" height="135" as="geometry" />
        </mxCell>
        <mxCell id="class-284" value="owl:Class" style="rounded=0;whiteSpace=wrap;html=1;snapToPoint=1;points=[[0.1,0],[0.2,0],[0.3,0],[0.4,0],[0.5,0],[0.6,0],[0.7,0],[0.8,0],[0.9,0],[0,0.1],[0,0.3],[0,0.5],[0,0.7],[0,0.9],[0.1,1],[0.2,1],[0.3,1],[0.4,1],[0.5,1],[0.6,1],[0.7,1],[0.8,1],[0.9,1],[1,0.1],[1,0.3],[1,0.5],[1,0.7],[1,0.9]];" vertex="1" parent="1">
          <mxGeometry x="333.5" y="2820" width="55.800000000000004" height="30" as="geometry" />
        </mxCell>
        <mxCell id="arrow-286" value="" style="endArrow=block;html=1;exitX=1;exitY=0.5;exitDx=0;exitDy=0;endFill=0;entryX=0;entryY=0.5;entryDx=0;entryDy=0;endSize=8;arcSize=0;rounded=0;" edge="1" source="class-284" target="class-285" parent="1">
          <mxGeometry relative="1" as="geometry" />
        </mxCell>
        <mxCell id="class-285" value="" style="rounded=0;whiteSpace=wrap;html=1;snapToPoint=1;points=[[0.1,0],[0.2,0],[0.3,0],[0.4,0],[0.5,0],[0.6,0],[0.7,0],[0.8,0],[0.9,0],[0,0.1],[0,0.3],[0,0.5],[0,0.7],[0,0.9],[0.1,1],[0.2,1],[0.3,1],[0.4,1],[0.5,1],[0.6,1],[0.7,1],[0.8,1],[0.9,1],[1,0.1],[1,0.3],[1,0.5],[1,0.7],[1,0.9]];" vertex="1" parent="1">
          <mxGeometry x="509.3" y="2820" width="297.6" height="30" as="geometry" />
        </mxCell>
        <mxCell id="class-287" value="[0..N2] (F) owl:DatatypeProperty : rdfs:Datatype" style="rounded=0;whiteSpace=wrap;html=1;snapToPoint=1;points=[[0.1,0],[0.2,0],[0.3,0],[0.4,0],[0.5,0],[0.6,0],[0.7,0],[0.8,0],[0.9,0],[0,0.1],[0,0.3],[0,0.5],[0,0.7],[0,0.9],[0.1,1],[0.2,1],[0.3,1],[0.4,1],[0.5,1],[0.6,1],[0.7,1],[0.8,1],[0.9,1],[1,0.1],[1,0.3],[1,0.5],[1,0.7],[1,0.9]];" vertex="1" parent="1">
          <mxGeometry x="509.3" y="2850" width="297.6" height="30" as="geometry" />
        </mxCell>
        <mxCell id="document-288" value="Pattern 18" style="swimlane;whiteSpace=wrap;html=1;" vertex="1" parent="1">
          <mxGeometry x="0" y="3015" width="302.5" height="130" as="geometry" />
        </mxCell>
        <mxCell id="text-document-288" value="owl:Class&lt;br&gt;&amp;nbsp;|rdfs:subClassOf&lt;br&gt;&amp;nbsp;|  |owl:Restriction&lt;br&gt;&amp;nbsp;|  |  |owl:allValuesFrom&lt;br&gt;&amp;nbsp;|  |  |  |owl:Class&lt;br&gt;&amp;nbsp;|  |  |owl:onProperty&lt;br&gt;&amp;nbsp;|  |  |  |owl:FunctionalProperty, owl:ObjectProperty" style="text;html=1;strokeColor=none;fillColor=none;align=center;verticalAlign=middle;whiteSpace=wrap;rounded=0;align=left;" vertex="1" parent="document-288">
          <mxGeometry x="0" y="25" width="302.5" height="105" as="geometry" />
        </mxCell>
        <mxCell id="class-289" value="owl:Class" style="rounded=0;whiteSpace=wrap;html=1;snapToPoint=1;points=[[0.1,0],[0.2,0],[0.3,0],[0.4,0],[0.5,0],[0.6,0],[0.7,0],[0.8,0],[0.9,0],[0,0.1],[0,0.3],[0,0.5],[0,0.7],[0,0.9],[0.1,1],[0.2,1],[0.3,1],[0.4,1],[0.5,1],[0.6,1],[0.7,1],[0.8,1],[0.9,1],[1,0.1],[1,0.3],[1,0.5],[1,0.7],[1,0.9]];" vertex="1" parent="1">
          <mxGeometry x="322.5" y="3015" width="55.800000000000004" height="30" as="geometry" />
        </mxCell>
        <mxCell id="arrow-291" value="" style="endArrow=block;html=1;exitX=1;exitY=0.5;exitDx=0;exitDy=0;endFill=0;entryX=0;entryY=0.5;entryDx=0;entryDy=0;endSize=8;arcSize=0;rounded=0;" edge="1" source="class-289" target="class-290" parent="1">
          <mxGeometry relative="1" as="geometry" />
        </mxCell>
        <mxCell id="class-290" value="" style="rounded=0;whiteSpace=wrap;html=1;snapToPoint=1;points=[[0.1,0],[0.2,0],[0.3,0],[0.4,0],[0.5,0],[0.6,0],[0.7,0],[0.8,0],[0.9,0],[0,0.1],[0,0.3],[0,0.5],[0,0.7],[0,0.9],[0.1,1],[0.2,1],[0.3,1],[0.4,1],[0.5,1],[0.6,1],[0.7,1],[0.8,1],[0.9,1],[1,0.1],[1,0.3],[1,0.5],[1,0.7],[1,0.9]];" vertex="1" parent="1">
          <mxGeometry x="498.3" y="3015" width="60" height="30" as="geometry" />
        </mxCell>
        <mxCell id="class-292" value="owl:Class" style="rounded=0;whiteSpace=wrap;html=1;snapToPoint=1;points=[[0.1,0],[0.2,0],[0.3,0],[0.4,0],[0.5,0],[0.6,0],[0.7,0],[0.8,0],[0.9,0],[0,0.1],[0,0.3],[0,0.5],[0,0.7],[0,0.9],[0.1,1],[0.2,1],[0.3,1],[0.4,1],[0.5,1],[0.6,1],[0.7,1],[0.8,1],[0.9,1],[1,0.1],[1,0.3],[1,0.5],[1,0.7],[1,0.9]];" vertex="1" parent="1">
          <mxGeometry x="782.3" y="3015" width="55.800000000000004" height="30" as="geometry" />
        </mxCell>
        <mxCell id="arrow-293" value="(all) (F) owl:ObjectProperty " style="endArrow=classic;html=1;exitX=1;exitY=0.5;exitDx=0;exitDy=0;entryX=0;entryY=0.5;entryDx=0;entryDy=0;endSize=8;arcSize=0;rounded=0;" edge="1" source="class-290" target="class-292" parent="1">
          <mxGeometry relative="1" as="geometry" />
        </mxCell>
        <mxCell id="document-294" value="Pattern 19" style="swimlane;whiteSpace=wrap;html=1;" vertex="1" parent="1">
          <mxGeometry x="0" y="3180" width="176.0" height="130" as="geometry" />
        </mxCell>
        <mxCell id="text-document-294" value="owl:Class&lt;br&gt;&amp;nbsp;|rdfs:subClassOf&lt;br&gt;&amp;nbsp;|  |owl:Restriction&lt;br&gt;&amp;nbsp;|  |  |owl:hasValue&lt;br&gt;&amp;nbsp;|  |  |  |owl:NamedIndividual&lt;br&gt;&amp;nbsp;|  |  |owl:onProperty&lt;br&gt;&amp;nbsp;|  |  |  |owl:ObjectProperty" style="text;html=1;strokeColor=none;fillColor=none;align=center;verticalAlign=middle;whiteSpace=wrap;rounded=0;align=left;" vertex="1" parent="document-294">
          <mxGeometry x="0" y="25" width="176.0" height="105" as="geometry" />
        </mxCell>
        <mxCell id="class-295" value="owl:Class" style="rounded=0;whiteSpace=wrap;html=1;snapToPoint=1;points=[[0.1,0],[0.2,0],[0.3,0],[0.4,0],[0.5,0],[0.6,0],[0.7,0],[0.8,0],[0.9,0],[0,0.1],[0,0.3],[0,0.5],[0,0.7],[0,0.9],[0.1,1],[0.2,1],[0.3,1],[0.4,1],[0.5,1],[0.6,1],[0.7,1],[0.8,1],[0.9,1],[1,0.1],[1,0.3],[1,0.5],[1,0.7],[1,0.9]];" vertex="1" parent="1">
          <mxGeometry x="196.0" y="3180" width="55.800000000000004" height="30" as="geometry" />
        </mxCell>
        <mxCell id="arrow-297" value="" style="endArrow=block;html=1;exitX=1;exitY=0.5;exitDx=0;exitDy=0;endFill=0;entryX=0;entryY=0.5;entryDx=0;entryDy=0;endSize=8;arcSize=0;rounded=0;" edge="1" source="class-295" target="class-296" parent="1">
          <mxGeometry relative="1" as="geometry" />
        </mxCell>
        <mxCell id="class-296" value="" style="rounded=0;whiteSpace=wrap;html=1;snapToPoint=1;points=[[0.1,0],[0.2,0],[0.3,0],[0.4,0],[0.5,0],[0.6,0],[0.7,0],[0.8,0],[0.9,0],[0,0.1],[0,0.3],[0,0.5],[0,0.7],[0,0.9],[0.1,1],[0.2,1],[0.3,1],[0.4,1],[0.5,1],[0.6,1],[0.7,1],[0.8,1],[0.9,1],[1,0.1],[1,0.3],[1,0.5],[1,0.7],[1,0.9]];" vertex="1" parent="1">
          <mxGeometry x="371.8" y="3180" width="60" height="30" as="geometry" />
        </mxCell>
        <mxCell id="class-298" value="&lt;u&gt;owl:NamedIndividual&lt;/u&gt;" style="rounded=0;whiteSpace=wrap;html=1;snapToPoint=1;points=[[0.1,0],[0.2,0],[0.3,0],[0.4,0],[0.5,0],[0.6,0],[0.7,0],[0.8,0],[0.9,0],[0,0.1],[0,0.3],[0,0.5],[0,0.7],[0,0.9],[0.1,1],[0.2,1],[0.3,1],[0.4,1],[0.5,1],[0.6,1],[0.7,1],[0.8,1],[0.9,1],[1,0.1],[1,0.3],[1,0.5],[1,0.7],[1,0.9]];" vertex="1" parent="1">
          <mxGeometry x="631.8" y="3180" width="117.8" height="30" as="geometry" />
        </mxCell>
        <mxCell id="arrow-299" value="(value) owl:ObjectProperty" style="endArrow=classic;html=1;exitX=1;exitY=0.5;exitDx=0;exitDy=0;entryX=0;entryY=0.5;entryDx=0;entryDy=0;endSize=8;arcSize=0;rounded=0;" edge="1" source="class-296" target="class-298" parent="1">
          <mxGeometry relative="1" as="geometry" />
        </mxCell>
        <mxCell id="document-300" value="Pattern 20" style="swimlane;whiteSpace=wrap;html=1;" vertex="1" parent="1">
          <mxGeometry x="0" y="3345" width="181.5" height="130" as="geometry" />
        </mxCell>
        <mxCell id="text-document-300" value="owl:Class&lt;br&gt;&amp;nbsp;|rdfs:subClassOf&lt;br&gt;&amp;nbsp;|  |owl:Restriction&lt;br&gt;&amp;nbsp;|  |  |owl:maxCardinality&lt;br&gt;&amp;nbsp;|  |  |  |Data value&lt;br&gt;&amp;nbsp;|  |  |owl:onProperty&lt;br&gt;&amp;nbsp;|  |  |  |owl:DatatypeProperty" style="text;html=1;strokeColor=none;fillColor=none;align=center;verticalAlign=middle;whiteSpace=wrap;rounded=0;align=left;" vertex="1" parent="document-300">
          <mxGeometry x="0" y="25" width="181.5" height="105" as="geometry" />
        </mxCell>
        <mxCell id="class-301" value="owl:Class" style="rounded=0;whiteSpace=wrap;html=1;snapToPoint=1;points=[[0.1,0],[0.2,0],[0.3,0],[0.4,0],[0.5,0],[0.6,0],[0.7,0],[0.8,0],[0.9,0],[0,0.1],[0,0.3],[0,0.5],[0,0.7],[0,0.9],[0.1,1],[0.2,1],[0.3,1],[0.4,1],[0.5,1],[0.6,1],[0.7,1],[0.8,1],[0.9,1],[1,0.1],[1,0.3],[1,0.5],[1,0.7],[1,0.9]];" vertex="1" parent="1">
          <mxGeometry x="201.5" y="3345" width="55.800000000000004" height="30" as="geometry" />
        </mxCell>
        <mxCell id="arrow-303" value="" style="endArrow=block;html=1;exitX=1;exitY=0.5;exitDx=0;exitDy=0;endFill=0;entryX=0;entryY=0.5;entryDx=0;entryDy=0;endSize=8;arcSize=0;rounded=0;" edge="1" source="class-301" target="class-302" parent="1">
          <mxGeometry relative="1" as="geometry" />
        </mxCell>
        <mxCell id="class-302" value="" style="rounded=0;whiteSpace=wrap;html=1;snapToPoint=1;points=[[0.1,0],[0.2,0],[0.3,0],[0.4,0],[0.5,0],[0.6,0],[0.7,0],[0.8,0],[0.9,0],[0,0.1],[0,0.3],[0,0.5],[0,0.7],[0,0.9],[0.1,1],[0.2,1],[0.3,1],[0.4,1],[0.5,1],[0.6,1],[0.7,1],[0.8,1],[0.9,1],[1,0.1],[1,0.3],[1,0.5],[1,0.7],[1,0.9]];" vertex="1" parent="1">
          <mxGeometry x="377.3" y="3345" width="173.6" height="30" as="geometry" />
        </mxCell>
        <mxCell id="class-304" value="(0..N2) owl:DatatypeProperty" style="rounded=0;whiteSpace=wrap;html=1;snapToPoint=1;points=[[0.1,0],[0.2,0],[0.3,0],[0.4,0],[0.5,0],[0.6,0],[0.7,0],[0.8,0],[0.9,0],[0,0.1],[0,0.3],[0,0.5],[0,0.7],[0,0.9],[0.1,1],[0.2,1],[0.3,1],[0.4,1],[0.5,1],[0.6,1],[0.7,1],[0.8,1],[0.9,1],[1,0.1],[1,0.3],[1,0.5],[1,0.7],[1,0.9]];" vertex="1" parent="1">
          <mxGeometry x="377.3" y="3375" width="173.6" height="30" as="geometry" />
        </mxCell>
        <mxCell id="document-305" value="Pattern 21" style="swimlane;whiteSpace=wrap;html=1;" vertex="1" parent="1">
          <mxGeometry x="0" y="3510" width="181.5" height="130" as="geometry" />
        </mxCell>
        <mxCell id="text-document-305" value="owl:Class&lt;br&gt;&amp;nbsp;|rdfs:subClassOf&lt;br&gt;&amp;nbsp;|  |owl:Restriction&lt;br&gt;&amp;nbsp;|  |  |owl:minCardinality&lt;br&gt;&amp;nbsp;|  |  |  |Data value&lt;br&gt;&amp;nbsp;|  |  |owl:onProperty&lt;br&gt;&amp;nbsp;|  |  |  |owl:DatatypeProperty" style="text;html=1;strokeColor=none;fillColor=none;align=center;verticalAlign=middle;whiteSpace=wrap;rounded=0;align=left;" vertex="1" parent="document-305">
          <mxGeometry x="0" y="25" width="181.5" height="105" as="geometry" />
        </mxCell>
        <mxCell id="class-306" value="owl:Class" style="rounded=0;whiteSpace=wrap;html=1;snapToPoint=1;points=[[0.1,0],[0.2,0],[0.3,0],[0.4,0],[0.5,0],[0.6,0],[0.7,0],[0.8,0],[0.9,0],[0,0.1],[0,0.3],[0,0.5],[0,0.7],[0,0.9],[0.1,1],[0.2,1],[0.3,1],[0.4,1],[0.5,1],[0.6,1],[0.7,1],[0.8,1],[0.9,1],[1,0.1],[1,0.3],[1,0.5],[1,0.7],[1,0.9]];" vertex="1" parent="1">
          <mxGeometry x="201.5" y="3510" width="55.800000000000004" height="30" as="geometry" />
        </mxCell>
        <mxCell id="arrow-308" value="" style="endArrow=block;html=1;exitX=1;exitY=0.5;exitDx=0;exitDy=0;endFill=0;entryX=0;entryY=0.5;entryDx=0;entryDy=0;endSize=8;arcSize=0;rounded=0;" edge="1" source="class-306" target="class-307" parent="1">
          <mxGeometry relative="1" as="geometry" />
        </mxCell>
        <mxCell id="class-307" value="" style="rounded=0;whiteSpace=wrap;html=1;snapToPoint=1;points=[[0.1,0],[0.2,0],[0.3,0],[0.4,0],[0.5,0],[0.6,0],[0.7,0],[0.8,0],[0.9,0],[0,0.1],[0,0.3],[0,0.5],[0,0.7],[0,0.9],[0.1,1],[0.2,1],[0.3,1],[0.4,1],[0.5,1],[0.6,1],[0.7,1],[0.8,1],[0.9,1],[1,0.1],[1,0.3],[1,0.5],[1,0.7],[1,0.9]];" vertex="1" parent="1">
          <mxGeometry x="377.3" y="3510" width="173.6" height="30" as="geometry" />
        </mxCell>
        <mxCell id="class-309" value="(N1..N) owl:DatatypeProperty" style="rounded=0;whiteSpace=wrap;html=1;snapToPoint=1;points=[[0.1,0],[0.2,0],[0.3,0],[0.4,0],[0.5,0],[0.6,0],[0.7,0],[0.8,0],[0.9,0],[0,0.1],[0,0.3],[0,0.5],[0,0.7],[0,0.9],[0.1,1],[0.2,1],[0.3,1],[0.4,1],[0.5,1],[0.6,1],[0.7,1],[0.8,1],[0.9,1],[1,0.1],[1,0.3],[1,0.5],[1,0.7],[1,0.9]];" vertex="1" parent="1">
          <mxGeometry x="377.3" y="3540" width="173.6" height="30" as="geometry" />
        </mxCell>
        <mxCell id="document-310" value="Pattern 22" style="swimlane;whiteSpace=wrap;html=1;" vertex="1" parent="1">
          <mxGeometry x="0" y="3675" width="203.5" height="160" as="geometry" />
        </mxCell>
        <mxCell id="text-document-310" value="owl:Class&lt;br&gt;&amp;nbsp;|rdfs:subClassOf&lt;br&gt;&amp;nbsp;|  |owl:Restriction&lt;br&gt;&amp;nbsp;|  |  |owl:minQualifiedCardinality&lt;br&gt;&amp;nbsp;|  |  |  |Data value&lt;br&gt;&amp;nbsp;|  |  |owl:onDataRange&lt;br&gt;&amp;nbsp;|  |  |  |rdfs:Datatype&lt;br&gt;&amp;nbsp;|  |  |owl:onProperty&lt;br&gt;&amp;nbsp;|  |  |  |owl:DatatypeProperty" style="text;html=1;strokeColor=none;fillColor=none;align=center;verticalAlign=middle;whiteSpace=wrap;rounded=0;align=left;" vertex="1" parent="document-310">
          <mxGeometry x="0" y="25" width="203.5" height="135" as="geometry" />
        </mxCell>
        <mxCell id="class-311" value="owl:Class" style="rounded=0;whiteSpace=wrap;html=1;snapToPoint=1;points=[[0.1,0],[0.2,0],[0.3,0],[0.4,0],[0.5,0],[0.6,0],[0.7,0],[0.8,0],[0.9,0],[0,0.1],[0,0.3],[0,0.5],[0,0.7],[0,0.9],[0.1,1],[0.2,1],[0.3,1],[0.4,1],[0.5,1],[0.6,1],[0.7,1],[0.8,1],[0.9,1],[1,0.1],[1,0.3],[1,0.5],[1,0.7],[1,0.9]];" vertex="1" parent="1">
          <mxGeometry x="223.5" y="3675" width="55.800000000000004" height="30" as="geometry" />
        </mxCell>
        <mxCell id="arrow-313" value="" style="endArrow=block;html=1;exitX=1;exitY=0.5;exitDx=0;exitDy=0;endFill=0;entryX=0;entryY=0.5;entryDx=0;entryDy=0;endSize=8;arcSize=0;rounded=0;" edge="1" source="class-311" target="class-312" parent="1">
          <mxGeometry relative="1" as="geometry" />
        </mxCell>
        <mxCell id="class-312" value="" style="rounded=0;whiteSpace=wrap;html=1;snapToPoint=1;points=[[0.1,0],[0.2,0],[0.3,0],[0.4,0],[0.5,0],[0.6,0],[0.7,0],[0.8,0],[0.9,0],[0,0.1],[0,0.3],[0,0.5],[0,0.7],[0,0.9],[0.1,1],[0.2,1],[0.3,1],[0.4,1],[0.5,1],[0.6,1],[0.7,1],[0.8,1],[0.9,1],[1,0.1],[1,0.3],[1,0.5],[1,0.7],[1,0.9]];" vertex="1" parent="1">
          <mxGeometry x="399.3" y="3675" width="266.6" height="30" as="geometry" />
        </mxCell>
        <mxCell id="class-314" value="[N1..N] owl:DatatypeProperty: rdfs:Datatype" style="rounded=0;whiteSpace=wrap;html=1;snapToPoint=1;points=[[0.1,0],[0.2,0],[0.3,0],[0.4,0],[0.5,0],[0.6,0],[0.7,0],[0.8,0],[0.9,0],[0,0.1],[0,0.3],[0,0.5],[0,0.7],[0,0.9],[0.1,1],[0.2,1],[0.3,1],[0.4,1],[0.5,1],[0.6,1],[0.7,1],[0.8,1],[0.9,1],[1,0.1],[1,0.3],[1,0.5],[1,0.7],[1,0.9]];" vertex="1" parent="1">
          <mxGeometry x="399.3" y="3705" width="266.6" height="30" as="geometry" />
        </mxCell>
        <mxCell id="document-315" value="Pattern 23" style="swimlane;whiteSpace=wrap;html=1;" vertex="1" parent="1">
          <mxGeometry x="0" y="3870" width="170.5" height="130" as="geometry" />
        </mxCell>
        <mxCell id="text-document-315" value="owl:Class&lt;br&gt;&amp;nbsp;|rdfs:subClassOf&lt;br&gt;&amp;nbsp;|  |owl:Restriction&lt;br&gt;&amp;nbsp;|  |  |owl:cardinality&lt;br&gt;&amp;nbsp;|  |  |  |Data value&lt;br&gt;&amp;nbsp;|  |  |owl:onProperty&lt;br&gt;&amp;nbsp;|  |  |  |owl:ObjectProperty" style="text;html=1;strokeColor=none;fillColor=none;align=center;verticalAlign=middle;whiteSpace=wrap;rounded=0;align=left;" vertex="1" parent="document-315">
          <mxGeometry x="0" y="25" width="170.5" height="105" as="geometry" />
        </mxCell>
        <mxCell id="class-316" value="owl:Class" style="rounded=0;whiteSpace=wrap;html=1;snapToPoint=1;points=[[0.1,0],[0.2,0],[0.3,0],[0.4,0],[0.5,0],[0.6,0],[0.7,0],[0.8,0],[0.9,0],[0,0.1],[0,0.3],[0,0.5],[0,0.7],[0,0.9],[0.1,1],[0.2,1],[0.3,1],[0.4,1],[0.5,1],[0.6,1],[0.7,1],[0.8,1],[0.9,1],[1,0.1],[1,0.3],[1,0.5],[1,0.7],[1,0.9]];" vertex="1" parent="1">
          <mxGeometry x="190.5" y="3870" width="55.800000000000004" height="30" as="geometry" />
        </mxCell>
        <mxCell id="arrow-318" value="" style="endArrow=block;html=1;exitX=1;exitY=0.5;exitDx=0;exitDy=0;endFill=0;entryX=0;entryY=0.5;entryDx=0;entryDy=0;endSize=8;arcSize=0;rounded=0;" edge="1" source="class-316" target="class-317" parent="1">
          <mxGeometry relative="1" as="geometry" />
        </mxCell>
        <mxCell id="class-317" value="" style="rounded=0;whiteSpace=wrap;html=1;snapToPoint=1;points=[[0.1,0],[0.2,0],[0.3,0],[0.4,0],[0.5,0],[0.6,0],[0.7,0],[0.8,0],[0.9,0],[0,0.1],[0,0.3],[0,0.5],[0,0.7],[0,0.9],[0.1,1],[0.2,1],[0.3,1],[0.4,1],[0.5,1],[0.6,1],[0.7,1],[0.8,1],[0.9,1],[1,0.1],[1,0.3],[1,0.5],[1,0.7],[1,0.9]];" vertex="1" parent="1">
          <mxGeometry x="366.3" y="3870" width="60" height="30" as="geometry" />
        </mxCell>
        <mxCell id="class-319" value="" style="rounded=0;whiteSpace=wrap;html=1;snapToPoint=1;points=[[0.1,0],[0.2,0],[0.3,0],[0.4,0],[0.5,0],[0.6,0],[0.7,0],[0.8,0],[0.9,0],[0,0.1],[0,0.3],[0,0.5],[0,0.7],[0,0.9],[0.1,1],[0.2,1],[0.3,1],[0.4,1],[0.5,1],[0.6,1],[0.7,1],[0.8,1],[0.9,1],[1,0.1],[1,0.3],[1,0.5],[1,0.7],[1,0.9]];" vertex="1" parent="1">
          <mxGeometry x="634.3" y="3870" width="60" height="30" as="geometry" />
        </mxCell>
        <mxCell id="arrow-320" value="(N1..N1) owl:ObjectProperty" style="endArrow=classic;html=1;exitX=1;exitY=0.5;exitDx=0;exitDy=0;entryX=0;entryY=0.5;entryDx=0;entryDy=0;endSize=8;arcSize=0;rounded=0;" edge="1" source="class-317" target="class-319" parent="1">
          <mxGeometry relative="1" as="geometry" />
        </mxCell>
        <mxCell id="document-321" value="Pattern 24" style="swimlane;whiteSpace=wrap;html=1;" vertex="1" parent="1">
          <mxGeometry x="0" y="4035" width="341.0" height="130" as="geometry" />
        </mxCell>
        <mxCell id="text-document-321" value="owl:Class&lt;br&gt;&amp;nbsp;|rdfs:subClassOf&lt;br&gt;&amp;nbsp;|  |owl:Restriction&lt;br&gt;&amp;nbsp;|  |  |owl:onProperty&lt;br&gt;&amp;nbsp;|  |  |  |owl:InverseFunctionalProperty, owl:ObjectProperty&lt;br&gt;&amp;nbsp;|  |  |owl:someValuesFrom&lt;br&gt;&amp;nbsp;|  |  |  |owl:Class" style="text;html=1;strokeColor=none;fillColor=none;align=center;verticalAlign=middle;whiteSpace=wrap;rounded=0;align=left;" vertex="1" parent="document-321">
          <mxGeometry x="0" y="25" width="341.0" height="105" as="geometry" />
        </mxCell>
        <mxCell id="class-322" value="owl:Class" style="rounded=0;whiteSpace=wrap;html=1;snapToPoint=1;points=[[0.1,0],[0.2,0],[0.3,0],[0.4,0],[0.5,0],[0.6,0],[0.7,0],[0.8,0],[0.9,0],[0,0.1],[0,0.3],[0,0.5],[0,0.7],[0,0.9],[0.1,1],[0.2,1],[0.3,1],[0.4,1],[0.5,1],[0.6,1],[0.7,1],[0.8,1],[0.9,1],[1,0.1],[1,0.3],[1,0.5],[1,0.7],[1,0.9]];" vertex="1" parent="1">
          <mxGeometry x="361.0" y="4035" width="55.800000000000004" height="30" as="geometry" />
        </mxCell>
        <mxCell id="arrow-324" value="" style="endArrow=block;html=1;exitX=1;exitY=0.5;exitDx=0;exitDy=0;endFill=0;entryX=0;entryY=0.5;entryDx=0;entryDy=0;endSize=8;arcSize=0;rounded=0;" edge="1" source="class-322" target="class-323" parent="1">
          <mxGeometry relative="1" as="geometry" />
        </mxCell>
        <mxCell id="class-323" value="" style="rounded=0;whiteSpace=wrap;html=1;snapToPoint=1;points=[[0.1,0],[0.2,0],[0.3,0],[0.4,0],[0.5,0],[0.6,0],[0.7,0],[0.8,0],[0.9,0],[0,0.1],[0,0.3],[0,0.5],[0,0.7],[0,0.9],[0.1,1],[0.2,1],[0.3,1],[0.4,1],[0.5,1],[0.6,1],[0.7,1],[0.8,1],[0.9,1],[1,0.1],[1,0.3],[1,0.5],[1,0.7],[1,0.9]];" vertex="1" parent="1">
          <mxGeometry x="536.8" y="4035" width="60" height="30" as="geometry" />
        </mxCell>
        <mxCell id="class-325" value="owl:Class" style="rounded=0;whiteSpace=wrap;html=1;snapToPoint=1;points=[[0.1,0],[0.2,0],[0.3,0],[0.4,0],[0.5,0],[0.6,0],[0.7,0],[0.8,0],[0.9,0],[0,0.1],[0,0.3],[0,0.5],[0,0.7],[0,0.9],[0.1,1],[0.2,1],[0.3,1],[0.4,1],[0.5,1],[0.6,1],[0.7,1],[0.8,1],[0.9,1],[1,0.1],[1,0.3],[1,0.5],[1,0.7],[1,0.9]];" vertex="1" parent="1">
          <mxGeometry x="836.8" y="4035" width="55.800000000000004" height="30" as="geometry" />
        </mxCell>
        <mxCell id="arrow-326" value="(some) (IF) owl:ObjectProperty " style="endArrow=classic;html=1;exitX=1;exitY=0.5;exitDx=0;exitDy=0;entryX=0;entryY=0.5;entryDx=0;entryDy=0;endSize=8;arcSize=0;rounded=0;" edge="1" source="class-323" target="class-325" parent="1">
          <mxGeometry relative="1" as="geometry" />
        </mxCell>
        <mxCell id="document-327" value="Pattern 25" style="swimlane;whiteSpace=wrap;html=1;" vertex="1" parent="1">
          <mxGeometry x="0" y="4200" width="302.5" height="130" as="geometry" />
        </mxCell>
        <mxCell id="text-document-327" value="owl:Class&lt;br&gt;&amp;nbsp;|rdfs:subClassOf&lt;br&gt;&amp;nbsp;|  |owl:Restriction&lt;br&gt;&amp;nbsp;|  |  |owl:onProperty&lt;br&gt;&amp;nbsp;|  |  |  |owl:ObjectProperty, owl:TransitiveProperty&lt;br&gt;&amp;nbsp;|  |  |owl:someValuesFrom&lt;br&gt;&amp;nbsp;|  |  |  |owl:Class" style="text;html=1;strokeColor=none;fillColor=none;align=center;verticalAlign=middle;whiteSpace=wrap;rounded=0;align=left;" vertex="1" parent="document-327">
          <mxGeometry x="0" y="25" width="302.5" height="105" as="geometry" />
        </mxCell>
        <mxCell id="class-328" value="owl:Class" style="rounded=0;whiteSpace=wrap;html=1;snapToPoint=1;points=[[0.1,0],[0.2,0],[0.3,0],[0.4,0],[0.5,0],[0.6,0],[0.7,0],[0.8,0],[0.9,0],[0,0.1],[0,0.3],[0,0.5],[0,0.7],[0,0.9],[0.1,1],[0.2,1],[0.3,1],[0.4,1],[0.5,1],[0.6,1],[0.7,1],[0.8,1],[0.9,1],[1,0.1],[1,0.3],[1,0.5],[1,0.7],[1,0.9]];" vertex="1" parent="1">
          <mxGeometry x="322.5" y="4200" width="55.800000000000004" height="30" as="geometry" />
        </mxCell>
        <mxCell id="arrow-330" value="" style="endArrow=block;html=1;exitX=1;exitY=0.5;exitDx=0;exitDy=0;endFill=0;entryX=0;entryY=0.5;entryDx=0;entryDy=0;endSize=8;arcSize=0;rounded=0;" edge="1" source="class-328" target="class-329" parent="1">
          <mxGeometry relative="1" as="geometry" />
        </mxCell>
        <mxCell id="class-329" value="" style="rounded=0;whiteSpace=wrap;html=1;snapToPoint=1;points=[[0.1,0],[0.2,0],[0.3,0],[0.4,0],[0.5,0],[0.6,0],[0.7,0],[0.8,0],[0.9,0],[0,0.1],[0,0.3],[0,0.5],[0,0.7],[0,0.9],[0.1,1],[0.2,1],[0.3,1],[0.4,1],[0.5,1],[0.6,1],[0.7,1],[0.8,1],[0.9,1],[1,0.1],[1,0.3],[1,0.5],[1,0.7],[1,0.9]];" vertex="1" parent="1">
          <mxGeometry x="498.3" y="4200" width="60" height="30" as="geometry" />
        </mxCell>
        <mxCell id="class-331" value="owl:Class" style="rounded=0;whiteSpace=wrap;html=1;snapToPoint=1;points=[[0.1,0],[0.2,0],[0.3,0],[0.4,0],[0.5,0],[0.6,0],[0.7,0],[0.8,0],[0.9,0],[0,0.1],[0,0.3],[0,0.5],[0,0.7],[0,0.9],[0.1,1],[0.2,1],[0.3,1],[0.4,1],[0.5,1],[0.6,1],[0.7,1],[0.8,1],[0.9,1],[1,0.1],[1,0.3],[1,0.5],[1,0.7],[1,0.9]];" vertex="1" parent="1">
          <mxGeometry x="790.3" y="4200" width="55.800000000000004" height="30" as="geometry" />
        </mxCell>
        <mxCell id="arrow-332" value="(some) (T) owl:ObjectProperty " style="endArrow=classic;html=1;exitX=1;exitY=0.5;exitDx=0;exitDy=0;entryX=0;entryY=0.5;entryDx=0;entryDy=0;endSize=8;arcSize=0;rounded=0;" edge="1" source="class-329" target="class-331" parent="1">
          <mxGeometry relative="1" as="geometry" />
        </mxCell>
        <mxCell id="document-333" value="Pattern 26" style="swimlane;whiteSpace=wrap;html=1;" vertex="1" parent="1">
          <mxGeometry x="0" y="4365" width="269.5" height="265" as="geometry" />
        </mxCell>
        <mxCell id="text-document-333" value="owl:Class&lt;br&gt;&amp;nbsp;|rdfs:subClassOf&lt;br&gt;&amp;nbsp;|  |owl:Class&lt;br&gt;&amp;nbsp;|  |  |owl:intersectionOf&lt;br&gt;&amp;nbsp;|  |  |  |  |rdf:first&lt;br&gt;&amp;nbsp;|  |  |  |  |  |owl:Class&lt;br&gt;&amp;nbsp;|  |  |  |  |rdf:rest&lt;br&gt;&amp;nbsp;|  |  |  |  |  |rdf:List&lt;br&gt;&amp;nbsp;|  |  |  |  |  |  |rdf:first&lt;br&gt;&amp;nbsp;|  |  |  |  |  |  |  |owl:Restriction&lt;br&gt;&amp;nbsp;|  |  |  |  |  |  |  |  |owl:onProperty&lt;br&gt;&amp;nbsp;|  |  |  |  |  |  |  |  |  |owl:ObjectProperty&lt;br&gt;&amp;nbsp;|  |  |  |  |  |  |  |  |owl:someValuesFrom&lt;br&gt;&amp;nbsp;|  |  |  |  |  |  |  |  |  |owl:Class&lt;br&gt;&amp;nbsp;|  |  |  |  |  |  |rdf:rest&lt;br&gt;&amp;nbsp;|  |  |  |  |  |  |  |rdf:nil" style="text;html=1;strokeColor=none;fillColor=none;align=center;verticalAlign=middle;whiteSpace=wrap;rounded=0;align=left;" vertex="1" parent="document-333">
          <mxGeometry x="0" y="25" width="269.5" height="240" as="geometry" />
        </mxCell>
        <mxCell id="ellipse-335" value="⨅" style="ellipse;whiteSpace=wrap;html=1;aspect=fixed;fontSize=17;" vertex="1" parent="1">
          <mxGeometry x="465.3" y="4365" width="30" height="30" as="geometry" />
        </mxCell>
        <mxCell id="class-334" value="owl:Class" style="rounded=0;whiteSpace=wrap;html=1;snapToPoint=1;points=[[0.1,0],[0.2,0],[0.3,0],[0.4,0],[0.5,0],[0.6,0],[0.7,0],[0.8,0],[0.9,0],[0,0.1],[0,0.3],[0,0.5],[0,0.7],[0,0.9],[0.1,1],[0.2,1],[0.3,1],[0.4,1],[0.5,1],[0.6,1],[0.7,1],[0.8,1],[0.9,1],[1,0.1],[1,0.3],[1,0.5],[1,0.7],[1,0.9]];" vertex="1" parent="1">
          <mxGeometry x="289.5" y="4365" width="55.800000000000004" height="30" as="geometry" />
        </mxCell>
        <mxCell id="arrow-336" value="" style="endArrow=block;html=1;exitX=1;exitY=0.5;exitDx=0;exitDy=0;endFill=0;entryX=0;entryY=0.5;entryDx=0;entryDy=0;endSize=8;arcSize=0;rounded=0;" edge="1" source="class-334" target="ellipse-335" parent="1">
          <mxGeometry relative="1" as="geometry" />
        </mxCell>
        <mxCell id="class-337" value="owl:Class" style="rounded=0;whiteSpace=wrap;html=1;snapToPoint=1;points=[[0.1,0],[0.2,0],[0.3,0],[0.4,0],[0.5,0],[0.6,0],[0.7,0],[0.8,0],[0.9,0],[0,0.1],[0,0.3],[0,0.5],[0,0.7],[0,0.9],[0.1,1],[0.2,1],[0.3,1],[0.4,1],[0.5,1],[0.6,1],[0.7,1],[0.8,1],[0.9,1],[1,0.1],[1,0.3],[1,0.5],[1,0.7],[1,0.9]];" vertex="1" parent="1">
          <mxGeometry x="555.3" y="4365" width="55.800000000000004" height="30" as="geometry" />
        </mxCell>
        <mxCell id="arrow-338" value="" style="rounded=0;jumpSize=4;orthogonalLoop=1;jettySize=auto;html=1;dashed=1;endArrow=open;endFill=0;exitX=1;exitY=0.5;exitDx=0;exitDy=0;entryX=0;entryY=0.5;entryDx=0;entryDy=0;edgeStyle=orthogonalEdgeStyle;" edge="1" source="ellipse-335" target="class-337" parent="1">
          <mxGeometry relative="1" as="geometry" />
        </mxCell>
        <mxCell id="arrow-340" value="" style="rounded=0;jumpSize=4;orthogonalLoop=1;jettySize=auto;html=1;dashed=1;endArrow=open;endFill=0;exitX=1;exitY=0.5;exitDx=0;exitDy=0;entryX=0;entryY=0.5;entryDx=0;entryDy=0;edgeStyle=orthogonalEdgeStyle;" edge="1" source="ellipse-335" target="class-339" parent="1">
          <mxGeometry relative="1" as="geometry" />
        </mxCell>
        <mxCell id="class-339" value="" style="rounded=0;whiteSpace=wrap;html=1;snapToPoint=1;points=[[0.1,0],[0.2,0],[0.3,0],[0.4,0],[0.5,0],[0.6,0],[0.7,0],[0.8,0],[0.9,0],[0,0.1],[0,0.3],[0,0.5],[0,0.7],[0,0.9],[0.1,1],[0.2,1],[0.3,1],[0.4,1],[0.5,1],[0.6,1],[0.7,1],[0.8,1],[0.9,1],[1,0.1],[1,0.3],[1,0.5],[1,0.7],[1,0.9]];" vertex="1" parent="1">
          <mxGeometry x="555.3" y="4425" width="60" height="30" as="geometry" />
        </mxCell>
        <mxCell id="class-341" value="owl:Class" style="rounded=0;whiteSpace=wrap;html=1;snapToPoint=1;points=[[0.1,0],[0.2,0],[0.3,0],[0.4,0],[0.5,0],[0.6,0],[0.7,0],[0.8,0],[0.9,0],[0,0.1],[0,0.3],[0,0.5],[0,0.7],[0,0.9],[0.1,1],[0.2,1],[0.3,1],[0.4,1],[0.5,1],[0.6,1],[0.7,1],[0.8,1],[0.9,1],[1,0.1],[1,0.3],[1,0.5],[1,0.7],[1,0.9]];" vertex="1" parent="1">
          <mxGeometry x="807.3" y="4425" width="55.800000000000004" height="30" as="geometry" />
        </mxCell>
        <mxCell id="arrow-342" value="(some) owl:ObjectProperty" style="endArrow=classic;html=1;exitX=1;exitY=0.5;exitDx=0;exitDy=0;entryX=0;entryY=0.5;entryDx=0;entryDy=0;endSize=8;arcSize=0;rounded=0;" edge="1" source="class-339" target="class-341" parent="1">
          <mxGeometry relative="1" as="geometry" />
        </mxCell>
      </root>
    </mxGraphModel>
  </diagram>
</mxfile>
