<?xml version="1.0" encoding="UTF-8"?>
<mxfile host="" modified="" agent="" version="" etag="" type="">
  <diagram id="diagram1" name="Página-1">
    <mxGraphModel dx="1221" dy="713" grid="1" gridSize="10" guides="1" tooltips="1" connect="1" arrows="1" fold="1" page="1" pageScale="1" pageWidth="100" pageHeight="100" math="0" shadow="0">
      <root>
        <mxCell id="0" />
        <mxCell id="1" parent="0" />
        <mxCell id="document-1" value="Pattern 1" style="swimlane;whiteSpace=wrap;html=1;" vertex="1" parent="1">
          <mxGeometry x="0" y="0" width="352.0" height="130" as="geometry" />
        </mxCell>
        <mxCell id="text-document-1" value="<https://saref.etsi.org/core/CommandOfInterest>&lt;br&gt;&amp;nbsp;|rdfs:subClassOf&lt;br&gt;&amp;nbsp;|  |owl:Restriction&lt;br&gt;&amp;nbsp;|  |  |owl:cardinality&lt;br&gt;&amp;nbsp;|  |  |  |Data value [&quot;1&quot;^^xsd:integer]&lt;br&gt;&amp;nbsp;|  |  |owl:onProperty&lt;br&gt;&amp;nbsp;|  |  |  |<https://saref.etsi.org/core/isCommandOfInterestOf>" style="text;html=1;strokeColor=none;fillColor=none;align=center;verticalAlign=middle;whiteSpace=wrap;rounded=0;align=left;" vertex="1" parent="document-1">
          <mxGeometry x="0" y="25" width="352.0" height="105" as="geometry" />
        </mxCell>
        <mxCell id="class-2" value="<https://saref.etsi.org/core/CommandOfInterest>" style="rounded=0;whiteSpace=wrap;html=1;snapToPoint=1;points=[[0.1,0],[0.2,0],[0.3,0],[0.4,0],[0.5,0],[0.6,0],[0.7,0],[0.8,0],[0.9,0],[0,0.1],[0,0.3],[0,0.5],[0,0.7],[0,0.9],[0.1,1],[0.2,1],[0.3,1],[0.4,1],[0.5,1],[0.6,1],[0.7,1],[0.8,1],[0.9,1],[1,0.1],[1,0.3],[1,0.5],[1,0.7],[1,0.9]];" vertex="1" parent="1">
          <mxGeometry x="372.0" y="0" width="291.40000000000003" height="30" as="geometry" />
        </mxCell>
        <mxCell id="arrow-4" value="" style="endArrow=block;html=1;exitX=1;exitY=0.5;exitDx=0;exitDy=0;endFill=0;entryX=0;entryY=0.5;entryDx=0;entryDy=0;endSize=8;arcSize=0;rounded=0;" edge="1" source="class-2" target="class-3" parent="1">
          <mxGeometry relative="1" as="geometry" />
        </mxCell>
        <mxCell id="class-3" value="" style="rounded=0;whiteSpace=wrap;html=1;snapToPoint=1;points=[[0.1,0],[0.2,0],[0.3,0],[0.4,0],[0.5,0],[0.6,0],[0.7,0],[0.8,0],[0.9,0],[0,0.1],[0,0.3],[0,0.5],[0,0.7],[0,0.9],[0.1,1],[0.2,1],[0.3,1],[0.4,1],[0.5,1],[0.6,1],[0.7,1],[0.8,1],[0.9,1],[1,0.1],[1,0.3],[1,0.5],[1,0.7],[1,0.9]];" vertex="1" parent="1">
          <mxGeometry x="783.4000000000001" y="0" width="60" height="30" as="geometry" />
        </mxCell>
        <mxCell id="class-5" value="" style="rounded=0;whiteSpace=wrap;html=1;snapToPoint=1;points=[[0.1,0],[0.2,0],[0.3,0],[0.4,0],[0.5,0],[0.6,0],[0.7,0],[0.8,0],[0.9,0],[0,0.1],[0,0.3],[0,0.5],[0,0.7],[0,0.9],[0.1,1],[0.2,1],[0.3,1],[0.4,1],[0.5,1],[0.6,1],[0.7,1],[0.8,1],[0.9,1],[1,0.1],[1,0.3],[1,0.5],[1,0.7],[1,0.9]];" vertex="1" parent="1">
          <mxGeometry x="1315.4" y="0" width="60" height="30" as="geometry" />
        </mxCell>
        <mxCell id="arrow-6" value="(N1..N1) <https://saref.etsi.org/core/isCommandOfInterestOf>" style="endArrow=classic;html=1;exitX=1;exitY=0.5;exitDx=0;exitDy=0;entryX=0;entryY=0.5;entryDx=0;entryDy=0;endSize=8;arcSize=0;rounded=0;" edge="1" source="class-3" target="class-5" parent="1">
          <mxGeometry relative="1" as="geometry" />
        </mxCell>
        <mxCell id="document-7" value="Pattern 2" style="swimlane;whiteSpace=wrap;html=1;" vertex="1" parent="1">
          <mxGeometry x="0" y="165" width="330.0" height="130" as="geometry" />
        </mxCell>
        <mxCell id="text-document-7" value="<https://saref.etsi.org/core/Measurement>&lt;br&gt;&amp;nbsp;|rdfs:subClassOf&lt;br&gt;&amp;nbsp;|  |owl:Restriction&lt;br&gt;&amp;nbsp;|  |  |owl:allValuesFrom&lt;br&gt;&amp;nbsp;|  |  |  |<https://saref.etsi.org/core/Property>&lt;br&gt;&amp;nbsp;|  |  |owl:onProperty&lt;br&gt;&amp;nbsp;|  |  |  |<https://saref.etsi.org/core/relatesToProperty>" style="text;html=1;strokeColor=none;fillColor=none;align=center;verticalAlign=middle;whiteSpace=wrap;rounded=0;align=left;" vertex="1" parent="document-7">
          <mxGeometry x="0" y="25" width="330.0" height="105" as="geometry" />
        </mxCell>
        <mxCell id="class-8" value="<https://saref.etsi.org/core/Measurement>" style="rounded=0;whiteSpace=wrap;html=1;snapToPoint=1;points=[[0.1,0],[0.2,0],[0.3,0],[0.4,0],[0.5,0],[0.6,0],[0.7,0],[0.8,0],[0.9,0],[0,0.1],[0,0.3],[0,0.5],[0,0.7],[0,0.9],[0.1,1],[0.2,1],[0.3,1],[0.4,1],[0.5,1],[0.6,1],[0.7,1],[0.8,1],[0.9,1],[1,0.1],[1,0.3],[1,0.5],[1,0.7],[1,0.9]];" vertex="1" parent="1">
          <mxGeometry x="350.0" y="165" width="254.20000000000002" height="30" as="geometry" />
        </mxCell>
        <mxCell id="arrow-10" value="" style="endArrow=block;html=1;exitX=1;exitY=0.5;exitDx=0;exitDy=0;endFill=0;entryX=0;entryY=0.5;entryDx=0;entryDy=0;endSize=8;arcSize=0;rounded=0;" edge="1" source="class-8" target="class-9" parent="1">
          <mxGeometry relative="1" as="geometry" />
        </mxCell>
        <mxCell id="class-9" value="" style="rounded=0;whiteSpace=wrap;html=1;snapToPoint=1;points=[[0.1,0],[0.2,0],[0.3,0],[0.4,0],[0.5,0],[0.6,0],[0.7,0],[0.8,0],[0.9,0],[0,0.1],[0,0.3],[0,0.5],[0,0.7],[0,0.9],[0.1,1],[0.2,1],[0.3,1],[0.4,1],[0.5,1],[0.6,1],[0.7,1],[0.8,1],[0.9,1],[1,0.1],[1,0.3],[1,0.5],[1,0.7],[1,0.9]];" vertex="1" parent="1">
          <mxGeometry x="724.2" y="165" width="60" height="30" as="geometry" />
        </mxCell>
        <mxCell id="class-11" value="<https://saref.etsi.org/core/Property>" style="rounded=0;whiteSpace=wrap;html=1;snapToPoint=1;points=[[0.1,0],[0.2,0],[0.3,0],[0.4,0],[0.5,0],[0.6,0],[0.7,0],[0.8,0],[0.9,0],[0,0.1],[0,0.3],[0,0.5],[0,0.7],[0,0.9],[0.1,1],[0.2,1],[0.3,1],[0.4,1],[0.5,1],[0.6,1],[0.7,1],[0.8,1],[0.9,1],[1,0.1],[1,0.3],[1,0.5],[1,0.7],[1,0.9]];" vertex="1" parent="1">
          <mxGeometry x="1200.2" y="165" width="235.6" height="30" as="geometry" />
        </mxCell>
        <mxCell id="arrow-12" value="(all) <https://saref.etsi.org/core/relatesToProperty>" style="endArrow=classic;html=1;exitX=1;exitY=0.5;exitDx=0;exitDy=0;entryX=0;entryY=0.5;entryDx=0;entryDy=0;endSize=8;arcSize=0;rounded=0;" edge="1" source="class-9" target="class-11" parent="1">
          <mxGeometry relative="1" as="geometry" />
        </mxCell>
        <mxCell id="document-13" value="Pattern 3" style="swimlane;whiteSpace=wrap;html=1;" vertex="1" parent="1">
          <mxGeometry x="0" y="330" width="330.0" height="160" as="geometry" />
        </mxCell>
        <mxCell id="text-document-13" value="<https://saref.etsi.org/core/Measurement>&lt;br&gt;&amp;nbsp;|rdfs:subClassOf&lt;br&gt;&amp;nbsp;|  |owl:Restriction&lt;br&gt;&amp;nbsp;|  |  |owl:onClass&lt;br&gt;&amp;nbsp;|  |  |  |<https://saref.etsi.org/core/Property>&lt;br&gt;&amp;nbsp;|  |  |owl:onProperty&lt;br&gt;&amp;nbsp;|  |  |  |<https://saref.etsi.org/core/relatesToProperty>&lt;br&gt;&amp;nbsp;|  |  |owl:qualifiedCardinality&lt;br&gt;&amp;nbsp;|  |  |  |Data value [&quot;1&quot;^^xsd:nonNegativeInteger]" style="text;html=1;strokeColor=none;fillColor=none;align=center;verticalAlign=middle;whiteSpace=wrap;rounded=0;align=left;" vertex="1" parent="document-13">
          <mxGeometry x="0" y="25" width="330.0" height="135" as="geometry" />
        </mxCell>
        <mxCell id="class-14" value="<https://saref.etsi.org/core/Measurement>" style="rounded=0;whiteSpace=wrap;html=1;snapToPoint=1;points=[[0.1,0],[0.2,0],[0.3,0],[0.4,0],[0.5,0],[0.6,0],[0.7,0],[0.8,0],[0.9,0],[0,0.1],[0,0.3],[0,0.5],[0,0.7],[0,0.9],[0.1,1],[0.2,1],[0.3,1],[0.4,1],[0.5,1],[0.6,1],[0.7,1],[0.8,1],[0.9,1],[1,0.1],[1,0.3],[1,0.5],[1,0.7],[1,0.9]];" vertex="1" parent="1">
          <mxGeometry x="350.0" y="330" width="254.20000000000002" height="30" as="geometry" />
        </mxCell>
        <mxCell id="arrow-16" value="" style="endArrow=block;html=1;exitX=1;exitY=0.5;exitDx=0;exitDy=0;endFill=0;entryX=0;entryY=0.5;entryDx=0;entryDy=0;endSize=8;arcSize=0;rounded=0;" edge="1" source="class-14" target="class-15" parent="1">
          <mxGeometry relative="1" as="geometry" />
        </mxCell>
        <mxCell id="class-15" value="" style="rounded=0;whiteSpace=wrap;html=1;snapToPoint=1;points=[[0.1,0],[0.2,0],[0.3,0],[0.4,0],[0.5,0],[0.6,0],[0.7,0],[0.8,0],[0.9,0],[0,0.1],[0,0.3],[0,0.5],[0,0.7],[0,0.9],[0.1,1],[0.2,1],[0.3,1],[0.4,1],[0.5,1],[0.6,1],[0.7,1],[0.8,1],[0.9,1],[1,0.1],[1,0.3],[1,0.5],[1,0.7],[1,0.9]];" vertex="1" parent="1">
          <mxGeometry x="724.2" y="330" width="60" height="30" as="geometry" />
        </mxCell>
        <mxCell id="class-17" value="<https://saref.etsi.org/core/Property>" style="rounded=0;whiteSpace=wrap;html=1;snapToPoint=1;points=[[0.1,0],[0.2,0],[0.3,0],[0.4,0],[0.5,0],[0.6,0],[0.7,0],[0.8,0],[0.9,0],[0,0.1],[0,0.3],[0,0.5],[0,0.7],[0,0.9],[0.1,1],[0.2,1],[0.3,1],[0.4,1],[0.5,1],[0.6,1],[0.7,1],[0.8,1],[0.9,1],[1,0.1],[1,0.3],[1,0.5],[1,0.7],[1,0.9]];" vertex="1" parent="1">
          <mxGeometry x="1224.2" y="330" width="235.6" height="30" as="geometry" />
        </mxCell>
        <mxCell id="arrow-18" value="[N1..N1] <https://saref.etsi.org/core/relatesToProperty>" style="endArrow=classic;html=1;exitX=1;exitY=0.5;exitDx=0;exitDy=0;entryX=0;entryY=0.5;entryDx=0;entryDy=0;endSize=8;arcSize=0;rounded=0;" edge="1" source="class-15" target="class-17" parent="1">
          <mxGeometry relative="1" as="geometry" />
        </mxCell>
        <mxCell id="document-19" value="Pattern 4" style="swimlane;whiteSpace=wrap;html=1;" vertex="1" parent="1">
          <mxGeometry x="0" y="525" width="308.0" height="130" as="geometry" />
        </mxCell>
        <mxCell id="text-document-19" value="<https://saref.etsi.org/core/Measurement>&lt;br&gt;&amp;nbsp;|rdfs:subClassOf&lt;br&gt;&amp;nbsp;|  |owl:Restriction&lt;br&gt;&amp;nbsp;|  |  |owl:allValuesFrom&lt;br&gt;&amp;nbsp;|  |  |  |<https://saref.etsi.org/core/UnitOfMeasure>&lt;br&gt;&amp;nbsp;|  |  |owl:onProperty&lt;br&gt;&amp;nbsp;|  |  |  |<https://saref.etsi.org/core/isMeasuredIn>" style="text;html=1;strokeColor=none;fillColor=none;align=center;verticalAlign=middle;whiteSpace=wrap;rounded=0;align=left;" vertex="1" parent="document-19">
          <mxGeometry x="0" y="25" width="308.0" height="105" as="geometry" />
        </mxCell>
        <mxCell id="class-20" value="<https://saref.etsi.org/core/Measurement>" style="rounded=0;whiteSpace=wrap;html=1;snapToPoint=1;points=[[0.1,0],[0.2,0],[0.3,0],[0.4,0],[0.5,0],[0.6,0],[0.7,0],[0.8,0],[0.9,0],[0,0.1],[0,0.3],[0,0.5],[0,0.7],[0,0.9],[0.1,1],[0.2,1],[0.3,1],[0.4,1],[0.5,1],[0.6,1],[0.7,1],[0.8,1],[0.9,1],[1,0.1],[1,0.3],[1,0.5],[1,0.7],[1,0.9]];" vertex="1" parent="1">
          <mxGeometry x="328.0" y="525" width="254.20000000000002" height="30" as="geometry" />
        </mxCell>
        <mxCell id="arrow-22" value="" style="endArrow=block;html=1;exitX=1;exitY=0.5;exitDx=0;exitDy=0;endFill=0;entryX=0;entryY=0.5;entryDx=0;entryDy=0;endSize=8;arcSize=0;rounded=0;" edge="1" source="class-20" target="class-21" parent="1">
          <mxGeometry relative="1" as="geometry" />
        </mxCell>
        <mxCell id="class-21" value="" style="rounded=0;whiteSpace=wrap;html=1;snapToPoint=1;points=[[0.1,0],[0.2,0],[0.3,0],[0.4,0],[0.5,0],[0.6,0],[0.7,0],[0.8,0],[0.9,0],[0,0.1],[0,0.3],[0,0.5],[0,0.7],[0,0.9],[0.1,1],[0.2,1],[0.3,1],[0.4,1],[0.5,1],[0.6,1],[0.7,1],[0.8,1],[0.9,1],[1,0.1],[1,0.3],[1,0.5],[1,0.7],[1,0.9]];" vertex="1" parent="1">
          <mxGeometry x="702.2" y="525" width="60" height="30" as="geometry" />
        </mxCell>
        <mxCell id="class-23" value="<https://saref.etsi.org/core/UnitOfMeasure>" style="rounded=0;whiteSpace=wrap;html=1;snapToPoint=1;points=[[0.1,0],[0.2,0],[0.3,0],[0.4,0],[0.5,0],[0.6,0],[0.7,0],[0.8,0],[0.9,0],[0,0.1],[0,0.3],[0,0.5],[0,0.7],[0,0.9],[0.1,1],[0.2,1],[0.3,1],[0.4,1],[0.5,1],[0.6,1],[0.7,1],[0.8,1],[0.9,1],[1,0.1],[1,0.3],[1,0.5],[1,0.7],[1,0.9]];" vertex="1" parent="1">
          <mxGeometry x="1138.2" y="525" width="266.6" height="30" as="geometry" />
        </mxCell>
        <mxCell id="arrow-24" value="(all) <https://saref.etsi.org/core/isMeasuredIn>" style="endArrow=classic;html=1;exitX=1;exitY=0.5;exitDx=0;exitDy=0;entryX=0;entryY=0.5;entryDx=0;entryDy=0;endSize=8;arcSize=0;rounded=0;" edge="1" source="class-21" target="class-23" parent="1">
          <mxGeometry relative="1" as="geometry" />
        </mxCell>
        <mxCell id="document-25" value="Pattern 5" style="swimlane;whiteSpace=wrap;html=1;" vertex="1" parent="1">
          <mxGeometry x="0" y="690" width="291.5" height="130" as="geometry" />
        </mxCell>
        <mxCell id="text-document-25" value="<https://saref.etsi.org/core/Measurement>&lt;br&gt;&amp;nbsp;|rdfs:subClassOf&lt;br&gt;&amp;nbsp;|  |owl:Restriction&lt;br&gt;&amp;nbsp;|  |  |owl:cardinality&lt;br&gt;&amp;nbsp;|  |  |  |Data value [&quot;1&quot;^^xsd:nonNegativeInteger]&lt;br&gt;&amp;nbsp;|  |  |owl:onProperty&lt;br&gt;&amp;nbsp;|  |  |  |<https://saref.etsi.org/core/hasValue>" style="text;html=1;strokeColor=none;fillColor=none;align=center;verticalAlign=middle;whiteSpace=wrap;rounded=0;align=left;" vertex="1" parent="document-25">
          <mxGeometry x="0" y="25" width="291.5" height="105" as="geometry" />
        </mxCell>
        <mxCell id="class-26" value="<https://saref.etsi.org/core/Measurement>" style="rounded=0;whiteSpace=wrap;html=1;snapToPoint=1;points=[[0.1,0],[0.2,0],[0.3,0],[0.4,0],[0.5,0],[0.6,0],[0.7,0],[0.8,0],[0.9,0],[0,0.1],[0,0.3],[0,0.5],[0,0.7],[0,0.9],[0.1,1],[0.2,1],[0.3,1],[0.4,1],[0.5,1],[0.6,1],[0.7,1],[0.8,1],[0.9,1],[1,0.1],[1,0.3],[1,0.5],[1,0.7],[1,0.9]];" vertex="1" parent="1">
          <mxGeometry x="311.5" y="690" width="254.20000000000002" height="30" as="geometry" />
        </mxCell>
        <mxCell id="arrow-28" value="" style="endArrow=block;html=1;exitX=1;exitY=0.5;exitDx=0;exitDy=0;endFill=0;entryX=0;entryY=0.5;entryDx=0;entryDy=0;endSize=8;arcSize=0;rounded=0;" edge="1" source="class-26" target="class-27" parent="1">
          <mxGeometry relative="1" as="geometry" />
        </mxCell>
        <mxCell id="class-27" value="" style="rounded=0;whiteSpace=wrap;html=1;snapToPoint=1;points=[[0.1,0],[0.2,0],[0.3,0],[0.4,0],[0.5,0],[0.6,0],[0.7,0],[0.8,0],[0.9,0],[0,0.1],[0,0.3],[0,0.5],[0,0.7],[0,0.9],[0.1,1],[0.2,1],[0.3,1],[0.4,1],[0.5,1],[0.6,1],[0.7,1],[0.8,1],[0.9,1],[1,0.1],[1,0.3],[1,0.5],[1,0.7],[1,0.9]];" vertex="1" parent="1">
          <mxGeometry x="685.7" y="690" width="60" height="30" as="geometry" />
        </mxCell>
        <mxCell id="class-29" value="" style="rounded=0;whiteSpace=wrap;html=1;snapToPoint=1;points=[[0.1,0],[0.2,0],[0.3,0],[0.4,0],[0.5,0],[0.6,0],[0.7,0],[0.8,0],[0.9,0],[0,0.1],[0,0.3],[0,0.5],[0,0.7],[0,0.9],[0.1,1],[0.2,1],[0.3,1],[0.4,1],[0.5,1],[0.6,1],[0.7,1],[0.8,1],[0.9,1],[1,0.1],[1,0.3],[1,0.5],[1,0.7],[1,0.9]];" vertex="1" parent="1">
          <mxGeometry x="1113.7" y="690" width="60" height="30" as="geometry" />
        </mxCell>
        <mxCell id="arrow-30" value="(N1..N1) <https://saref.etsi.org/core/hasValue>" style="endArrow=classic;html=1;exitX=1;exitY=0.5;exitDx=0;exitDy=0;entryX=0;entryY=0.5;entryDx=0;entryDy=0;endSize=8;arcSize=0;rounded=0;" edge="1" source="class-27" target="class-29" parent="1">
          <mxGeometry relative="1" as="geometry" />
        </mxCell>
        <mxCell id="document-31" value="Pattern 6" style="swimlane;whiteSpace=wrap;html=1;" vertex="1" parent="1">
          <mxGeometry x="0" y="855" width="308.0" height="160" as="geometry" />
        </mxCell>
        <mxCell id="text-document-31" value="<https://saref.etsi.org/core/Measurement>&lt;br&gt;&amp;nbsp;|rdfs:subClassOf&lt;br&gt;&amp;nbsp;|  |owl:Restriction&lt;br&gt;&amp;nbsp;|  |  |owl:onClass&lt;br&gt;&amp;nbsp;|  |  |  |<https://saref.etsi.org/core/UnitOfMeasure>&lt;br&gt;&amp;nbsp;|  |  |owl:onProperty&lt;br&gt;&amp;nbsp;|  |  |  |<https://saref.etsi.org/core/isMeasuredIn>&lt;br&gt;&amp;nbsp;|  |  |owl:qualifiedCardinality&lt;br&gt;&amp;nbsp;|  |  |  |Data value [&quot;1&quot;^^xsd:nonNegativeInteger]" style="text;html=1;strokeColor=none;fillColor=none;align=center;verticalAlign=middle;whiteSpace=wrap;rounded=0;align=left;" vertex="1" parent="document-31">
          <mxGeometry x="0" y="25" width="308.0" height="135" as="geometry" />
        </mxCell>
        <mxCell id="class-32" value="<https://saref.etsi.org/core/Measurement>" style="rounded=0;whiteSpace=wrap;html=1;snapToPoint=1;points=[[0.1,0],[0.2,0],[0.3,0],[0.4,0],[0.5,0],[0.6,0],[0.7,0],[0.8,0],[0.9,0],[0,0.1],[0,0.3],[0,0.5],[0,0.7],[0,0.9],[0.1,1],[0.2,1],[0.3,1],[0.4,1],[0.5,1],[0.6,1],[0.7,1],[0.8,1],[0.9,1],[1,0.1],[1,0.3],[1,0.5],[1,0.7],[1,0.9]];" vertex="1" parent="1">
          <mxGeometry x="328.0" y="855" width="254.20000000000002" height="30" as="geometry" />
        </mxCell>
        <mxCell id="arrow-34" value="" style="endArrow=block;html=1;exitX=1;exitY=0.5;exitDx=0;exitDy=0;endFill=0;entryX=0;entryY=0.5;entryDx=0;entryDy=0;endSize=8;arcSize=0;rounded=0;" edge="1" source="class-32" target="class-33" parent="1">
          <mxGeometry relative="1" as="geometry" />
        </mxCell>
        <mxCell id="class-33" value="" style="rounded=0;whiteSpace=wrap;html=1;snapToPoint=1;points=[[0.1,0],[0.2,0],[0.3,0],[0.4,0],[0.5,0],[0.6,0],[0.7,0],[0.8,0],[0.9,0],[0,0.1],[0,0.3],[0,0.5],[0,0.7],[0,0.9],[0.1,1],[0.2,1],[0.3,1],[0.4,1],[0.5,1],[0.6,1],[0.7,1],[0.8,1],[0.9,1],[1,0.1],[1,0.3],[1,0.5],[1,0.7],[1,0.9]];" vertex="1" parent="1">
          <mxGeometry x="702.2" y="855" width="60" height="30" as="geometry" />
        </mxCell>
        <mxCell id="class-35" value="<https://saref.etsi.org/core/UnitOfMeasure>" style="rounded=0;whiteSpace=wrap;html=1;snapToPoint=1;points=[[0.1,0],[0.2,0],[0.3,0],[0.4,0],[0.5,0],[0.6,0],[0.7,0],[0.8,0],[0.9,0],[0,0.1],[0,0.3],[0,0.5],[0,0.7],[0,0.9],[0.1,1],[0.2,1],[0.3,1],[0.4,1],[0.5,1],[0.6,1],[0.7,1],[0.8,1],[0.9,1],[1,0.1],[1,0.3],[1,0.5],[1,0.7],[1,0.9]];" vertex="1" parent="1">
          <mxGeometry x="1162.2" y="855" width="266.6" height="30" as="geometry" />
        </mxCell>
        <mxCell id="arrow-36" value="[N1..N1] <https://saref.etsi.org/core/isMeasuredIn>" style="endArrow=classic;html=1;exitX=1;exitY=0.5;exitDx=0;exitDy=0;entryX=0;entryY=0.5;entryDx=0;entryDy=0;endSize=8;arcSize=0;rounded=0;" edge="1" source="class-33" target="class-35" parent="1">
          <mxGeometry relative="1" as="geometry" />
        </mxCell>
        <mxCell id="document-37" value="Pattern 7" style="swimlane;whiteSpace=wrap;html=1;" vertex="1" parent="1">
          <mxGeometry x="0" y="1050" width="302.5" height="130" as="geometry" />
        </mxCell>
        <mxCell id="text-document-37" value="<https://saref.etsi.org/core/Measurement>&lt;br&gt;&amp;nbsp;|rdfs:subClassOf&lt;br&gt;&amp;nbsp;|  |owl:Restriction&lt;br&gt;&amp;nbsp;|  |  |owl:allValuesFrom&lt;br&gt;&amp;nbsp;|  |  |  |xsd:dateTime&lt;br&gt;&amp;nbsp;|  |  |owl:onProperty&lt;br&gt;&amp;nbsp;|  |  |  |<https://saref.etsi.org/core/hasTimestamp>" style="text;html=1;strokeColor=none;fillColor=none;align=center;verticalAlign=middle;whiteSpace=wrap;rounded=0;align=left;" vertex="1" parent="document-37">
          <mxGeometry x="0" y="25" width="302.5" height="105" as="geometry" />
        </mxCell>
        <mxCell id="class-38" value="<https://saref.etsi.org/core/Measurement>" style="rounded=0;whiteSpace=wrap;html=1;snapToPoint=1;points=[[0.1,0],[0.2,0],[0.3,0],[0.4,0],[0.5,0],[0.6,0],[0.7,0],[0.8,0],[0.9,0],[0,0.1],[0,0.3],[0,0.5],[0,0.7],[0,0.9],[0.1,1],[0.2,1],[0.3,1],[0.4,1],[0.5,1],[0.6,1],[0.7,1],[0.8,1],[0.9,1],[1,0.1],[1,0.3],[1,0.5],[1,0.7],[1,0.9]];" vertex="1" parent="1">
          <mxGeometry x="322.5" y="1050" width="254.20000000000002" height="30" as="geometry" />
        </mxCell>
        <mxCell id="arrow-40" value="" style="endArrow=block;html=1;exitX=1;exitY=0.5;exitDx=0;exitDy=0;endFill=0;entryX=0;entryY=0.5;entryDx=0;entryDy=0;endSize=8;arcSize=0;rounded=0;" edge="1" source="class-38" target="class-39" parent="1">
          <mxGeometry relative="1" as="geometry" />
        </mxCell>
        <mxCell id="class-39" value="" style="rounded=0;whiteSpace=wrap;html=1;snapToPoint=1;points=[[0.1,0],[0.2,0],[0.3,0],[0.4,0],[0.5,0],[0.6,0],[0.7,0],[0.8,0],[0.9,0],[0,0.1],[0,0.3],[0,0.5],[0,0.7],[0,0.9],[0.1,1],[0.2,1],[0.3,1],[0.4,1],[0.5,1],[0.6,1],[0.7,1],[0.8,1],[0.9,1],[1,0.1],[1,0.3],[1,0.5],[1,0.7],[1,0.9]];" vertex="1" parent="1">
          <mxGeometry x="696.7" y="1050" width="60" height="30" as="geometry" />
        </mxCell>
        <mxCell id="class-41" value="xsd:dateTime" style="rounded=0;whiteSpace=wrap;html=1;snapToPoint=1;points=[[0.1,0],[0.2,0],[0.3,0],[0.4,0],[0.5,0],[0.6,0],[0.7,0],[0.8,0],[0.9,0],[0,0.1],[0,0.3],[0,0.5],[0,0.7],[0,0.9],[0.1,1],[0.2,1],[0.3,1],[0.4,1],[0.5,1],[0.6,1],[0.7,1],[0.8,1],[0.9,1],[1,0.1],[1,0.3],[1,0.5],[1,0.7],[1,0.9]];" vertex="1" parent="1">
          <mxGeometry x="1132.7" y="1050" width="74.4" height="30" as="geometry" />
        </mxCell>
        <mxCell id="arrow-42" value="(all) <https://saref.etsi.org/core/hasTimestamp>" style="endArrow=classic;html=1;exitX=1;exitY=0.5;exitDx=0;exitDy=0;entryX=0;entryY=0.5;entryDx=0;entryDy=0;endSize=8;arcSize=0;rounded=0;" edge="1" source="class-39" target="class-41" parent="1">
          <mxGeometry relative="1" as="geometry" />
        </mxCell>
        <mxCell id="document-43" value="Pattern 8" style="swimlane;whiteSpace=wrap;html=1;" vertex="1" parent="1">
          <mxGeometry x="0" y="1215" width="330.0" height="130" as="geometry" />
        </mxCell>
        <mxCell id="text-document-43" value="<https://saref.etsi.org/core/Measurement>&lt;br&gt;&amp;nbsp;|rdfs:subClassOf&lt;br&gt;&amp;nbsp;|  |owl:Restriction&lt;br&gt;&amp;nbsp;|  |  |owl:allValuesFrom&lt;br&gt;&amp;nbsp;|  |  |  |<https://saref.etsi.org/core/FeatureOfInterest>&lt;br&gt;&amp;nbsp;|  |  |owl:onProperty&lt;br&gt;&amp;nbsp;|  |  |  |<https://saref.etsi.org/core/isMeasurementOf>" style="text;html=1;strokeColor=none;fillColor=none;align=center;verticalAlign=middle;whiteSpace=wrap;rounded=0;align=left;" vertex="1" parent="document-43">
          <mxGeometry x="0" y="25" width="330.0" height="105" as="geometry" />
        </mxCell>
        <mxCell id="class-44" value="<https://saref.etsi.org/core/Measurement>" style="rounded=0;whiteSpace=wrap;html=1;snapToPoint=1;points=[[0.1,0],[0.2,0],[0.3,0],[0.4,0],[0.5,0],[0.6,0],[0.7,0],[0.8,0],[0.9,0],[0,0.1],[0,0.3],[0,0.5],[0,0.7],[0,0.9],[0.1,1],[0.2,1],[0.3,1],[0.4,1],[0.5,1],[0.6,1],[0.7,1],[0.8,1],[0.9,1],[1,0.1],[1,0.3],[1,0.5],[1,0.7],[1,0.9]];" vertex="1" parent="1">
          <mxGeometry x="350.0" y="1215" width="254.20000000000002" height="30" as="geometry" />
        </mxCell>
        <mxCell id="arrow-46" value="" style="endArrow=block;html=1;exitX=1;exitY=0.5;exitDx=0;exitDy=0;endFill=0;entryX=0;entryY=0.5;entryDx=0;entryDy=0;endSize=8;arcSize=0;rounded=0;" edge="1" source="class-44" target="class-45" parent="1">
          <mxGeometry relative="1" as="geometry" />
        </mxCell>
        <mxCell id="class-45" value="" style="rounded=0;whiteSpace=wrap;html=1;snapToPoint=1;points=[[0.1,0],[0.2,0],[0.3,0],[0.4,0],[0.5,0],[0.6,0],[0.7,0],[0.8,0],[0.9,0],[0,0.1],[0,0.3],[0,0.5],[0,0.7],[0,0.9],[0.1,1],[0.2,1],[0.3,1],[0.4,1],[0.5,1],[0.6,1],[0.7,1],[0.8,1],[0.9,1],[1,0.1],[1,0.3],[1,0.5],[1,0.7],[1,0.9]];" vertex="1" parent="1">
          <mxGeometry x="724.2" y="1215" width="60" height="30" as="geometry" />
        </mxCell>
        <mxCell id="class-47" value="<https://saref.etsi.org/core/FeatureOfInterest>" style="rounded=0;whiteSpace=wrap;html=1;snapToPoint=1;points=[[0.1,0],[0.2,0],[0.3,0],[0.4,0],[0.5,0],[0.6,0],[0.7,0],[0.8,0],[0.9,0],[0,0.1],[0,0.3],[0,0.5],[0,0.7],[0,0.9],[0.1,1],[0.2,1],[0.3,1],[0.4,1],[0.5,1],[0.6,1],[0.7,1],[0.8,1],[0.9,1],[1,0.1],[1,0.3],[1,0.5],[1,0.7],[1,0.9]];" vertex="1" parent="1">
          <mxGeometry x="1184.2" y="1215" width="291.40000000000003" height="30" as="geometry" />
        </mxCell>
        <mxCell id="arrow-48" value="(all) <https://saref.etsi.org/core/isMeasurementOf>" style="endArrow=classic;html=1;exitX=1;exitY=0.5;exitDx=0;exitDy=0;entryX=0;entryY=0.5;entryDx=0;entryDy=0;endSize=8;arcSize=0;rounded=0;" edge="1" source="class-45" target="class-47" parent="1">
          <mxGeometry relative="1" as="geometry" />
        </mxCell>
        <mxCell id="document-49" value="Pattern 9" style="swimlane;whiteSpace=wrap;html=1;" vertex="1" parent="1">
          <mxGeometry x="0" y="1380" width="324.5" height="130" as="geometry" />
        </mxCell>
        <mxCell id="text-document-49" value="<https://saref.etsi.org/core/Device>&lt;br&gt;&amp;nbsp;|rdfs:subClassOf&lt;br&gt;&amp;nbsp;|  |owl:Restriction&lt;br&gt;&amp;nbsp;|  |  |owl:allValuesFrom&lt;br&gt;&amp;nbsp;|  |  |  |<https://saref.etsi.org/core/Property>&lt;br&gt;&amp;nbsp;|  |  |owl:onProperty&lt;br&gt;&amp;nbsp;|  |  |  |<https://saref.etsi.org/core/measuresProperty>" style="text;html=1;strokeColor=none;fillColor=none;align=center;verticalAlign=middle;whiteSpace=wrap;rounded=0;align=left;" vertex="1" parent="document-49">
          <mxGeometry x="0" y="25" width="324.5" height="105" as="geometry" />
        </mxCell>
        <mxCell id="class-50" value="<https://saref.etsi.org/core/Device>" style="rounded=0;whiteSpace=wrap;html=1;snapToPoint=1;points=[[0.1,0],[0.2,0],[0.3,0],[0.4,0],[0.5,0],[0.6,0],[0.7,0],[0.8,0],[0.9,0],[0,0.1],[0,0.3],[0,0.5],[0,0.7],[0,0.9],[0.1,1],[0.2,1],[0.3,1],[0.4,1],[0.5,1],[0.6,1],[0.7,1],[0.8,1],[0.9,1],[1,0.1],[1,0.3],[1,0.5],[1,0.7],[1,0.9]];" vertex="1" parent="1">
          <mxGeometry x="344.5" y="1380" width="223.20000000000002" height="30" as="geometry" />
        </mxCell>
        <mxCell id="arrow-52" value="" style="endArrow=block;html=1;exitX=1;exitY=0.5;exitDx=0;exitDy=0;endFill=0;entryX=0;entryY=0.5;entryDx=0;entryDy=0;endSize=8;arcSize=0;rounded=0;" edge="1" source="class-50" target="class-51" parent="1">
          <mxGeometry relative="1" as="geometry" />
        </mxCell>
        <mxCell id="class-51" value="" style="rounded=0;whiteSpace=wrap;html=1;snapToPoint=1;points=[[0.1,0],[0.2,0],[0.3,0],[0.4,0],[0.5,0],[0.6,0],[0.7,0],[0.8,0],[0.9,0],[0,0.1],[0,0.3],[0,0.5],[0,0.7],[0,0.9],[0.1,1],[0.2,1],[0.3,1],[0.4,1],[0.5,1],[0.6,1],[0.7,1],[0.8,1],[0.9,1],[1,0.1],[1,0.3],[1,0.5],[1,0.7],[1,0.9]];" vertex="1" parent="1">
          <mxGeometry x="687.7" y="1380" width="60" height="30" as="geometry" />
        </mxCell>
        <mxCell id="class-53" value="<https://saref.etsi.org/core/Property>" style="rounded=0;whiteSpace=wrap;html=1;snapToPoint=1;points=[[0.1,0],[0.2,0],[0.3,0],[0.4,0],[0.5,0],[0.6,0],[0.7,0],[0.8,0],[0.9,0],[0,0.1],[0,0.3],[0,0.5],[0,0.7],[0,0.9],[0.1,1],[0.2,1],[0.3,1],[0.4,1],[0.5,1],[0.6,1],[0.7,1],[0.8,1],[0.9,1],[1,0.1],[1,0.3],[1,0.5],[1,0.7],[1,0.9]];" vertex="1" parent="1">
          <mxGeometry x="1155.7" y="1380" width="235.6" height="30" as="geometry" />
        </mxCell>
        <mxCell id="arrow-54" value="(all) <https://saref.etsi.org/core/measuresProperty>" style="endArrow=classic;html=1;exitX=1;exitY=0.5;exitDx=0;exitDy=0;entryX=0;entryY=0.5;entryDx=0;entryDy=0;endSize=8;arcSize=0;rounded=0;" edge="1" source="class-51" target="class-53" parent="1">
          <mxGeometry relative="1" as="geometry" />
        </mxCell>
        <mxCell id="document-55" value="Pattern 10" style="swimlane;whiteSpace=wrap;html=1;" vertex="1" parent="1">
          <mxGeometry x="0" y="1545" width="324.5" height="130" as="geometry" />
        </mxCell>
        <mxCell id="text-document-55" value="<https://saref.etsi.org/core/Device>&lt;br&gt;&amp;nbsp;|rdfs:subClassOf&lt;br&gt;&amp;nbsp;|  |owl:Restriction&lt;br&gt;&amp;nbsp;|  |  |owl:allValuesFrom&lt;br&gt;&amp;nbsp;|  |  |  |<https://saref.etsi.org/core/Measurement>&lt;br&gt;&amp;nbsp;|  |  |owl:onProperty&lt;br&gt;&amp;nbsp;|  |  |  |<https://saref.etsi.org/core/makesMeasurement>" style="text;html=1;strokeColor=none;fillColor=none;align=center;verticalAlign=middle;whiteSpace=wrap;rounded=0;align=left;" vertex="1" parent="document-55">
          <mxGeometry x="0" y="25" width="324.5" height="105" as="geometry" />
        </mxCell>
        <mxCell id="class-56" value="<https://saref.etsi.org/core/Device>" style="rounded=0;whiteSpace=wrap;html=1;snapToPoint=1;points=[[0.1,0],[0.2,0],[0.3,0],[0.4,0],[0.5,0],[0.6,0],[0.7,0],[0.8,0],[0.9,0],[0,0.1],[0,0.3],[0,0.5],[0,0.7],[0,0.9],[0.1,1],[0.2,1],[0.3,1],[0.4,1],[0.5,1],[0.6,1],[0.7,1],[0.8,1],[0.9,1],[1,0.1],[1,0.3],[1,0.5],[1,0.7],[1,0.9]];" vertex="1" parent="1">
          <mxGeometry x="344.5" y="1545" width="223.20000000000002" height="30" as="geometry" />
        </mxCell>
        <mxCell id="arrow-58" value="" style="endArrow=block;html=1;exitX=1;exitY=0.5;exitDx=0;exitDy=0;endFill=0;entryX=0;entryY=0.5;entryDx=0;entryDy=0;endSize=8;arcSize=0;rounded=0;" edge="1" source="class-56" target="class-57" parent="1">
          <mxGeometry relative="1" as="geometry" />
        </mxCell>
        <mxCell id="class-57" value="" style="rounded=0;whiteSpace=wrap;html=1;snapToPoint=1;points=[[0.1,0],[0.2,0],[0.3,0],[0.4,0],[0.5,0],[0.6,0],[0.7,0],[0.8,0],[0.9,0],[0,0.1],[0,0.3],[0,0.5],[0,0.7],[0,0.9],[0.1,1],[0.2,1],[0.3,1],[0.4,1],[0.5,1],[0.6,1],[0.7,1],[0.8,1],[0.9,1],[1,0.1],[1,0.3],[1,0.5],[1,0.7],[1,0.9]];" vertex="1" parent="1">
          <mxGeometry x="687.7" y="1545" width="60" height="30" as="geometry" />
        </mxCell>
        <mxCell id="class-59" value="<https://saref.etsi.org/core/Measurement>" style="rounded=0;whiteSpace=wrap;html=1;snapToPoint=1;points=[[0.1,0],[0.2,0],[0.3,0],[0.4,0],[0.5,0],[0.6,0],[0.7,0],[0.8,0],[0.9,0],[0,0.1],[0,0.3],[0,0.5],[0,0.7],[0,0.9],[0.1,1],[0.2,1],[0.3,1],[0.4,1],[0.5,1],[0.6,1],[0.7,1],[0.8,1],[0.9,1],[1,0.1],[1,0.3],[1,0.5],[1,0.7],[1,0.9]];" vertex="1" parent="1">
          <mxGeometry x="1155.7" y="1545" width="254.20000000000002" height="30" as="geometry" />
        </mxCell>
        <mxCell id="arrow-60" value="(all) <https://saref.etsi.org/core/makesMeasurement>" style="endArrow=classic;html=1;exitX=1;exitY=0.5;exitDx=0;exitDy=0;entryX=0;entryY=0.5;entryDx=0;entryDy=0;endSize=8;arcSize=0;rounded=0;" edge="1" source="class-57" target="class-59" parent="1">
          <mxGeometry relative="1" as="geometry" />
        </mxCell>
        <mxCell id="document-61" value="Pattern 11" style="swimlane;whiteSpace=wrap;html=1;" vertex="1" parent="1">
          <mxGeometry x="0" y="1710" width="324.5" height="130" as="geometry" />
        </mxCell>
        <mxCell id="text-document-61" value="<https://saref.etsi.org/core/Device>&lt;br&gt;&amp;nbsp;|rdfs:subClassOf&lt;br&gt;&amp;nbsp;|  |owl:Restriction&lt;br&gt;&amp;nbsp;|  |  |owl:allValuesFrom&lt;br&gt;&amp;nbsp;|  |  |  |<https://saref.etsi.org/core/Property>&lt;br&gt;&amp;nbsp;|  |  |owl:onProperty&lt;br&gt;&amp;nbsp;|  |  |  |<https://saref.etsi.org/core/controlsProperty>" style="text;html=1;strokeColor=none;fillColor=none;align=center;verticalAlign=middle;whiteSpace=wrap;rounded=0;align=left;" vertex="1" parent="document-61">
          <mxGeometry x="0" y="25" width="324.5" height="105" as="geometry" />
        </mxCell>
        <mxCell id="class-62" value="<https://saref.etsi.org/core/Device>" style="rounded=0;whiteSpace=wrap;html=1;snapToPoint=1;points=[[0.1,0],[0.2,0],[0.3,0],[0.4,0],[0.5,0],[0.6,0],[0.7,0],[0.8,0],[0.9,0],[0,0.1],[0,0.3],[0,0.5],[0,0.7],[0,0.9],[0.1,1],[0.2,1],[0.3,1],[0.4,1],[0.5,1],[0.6,1],[0.7,1],[0.8,1],[0.9,1],[1,0.1],[1,0.3],[1,0.5],[1,0.7],[1,0.9]];" vertex="1" parent="1">
          <mxGeometry x="344.5" y="1710" width="223.20000000000002" height="30" as="geometry" />
        </mxCell>
        <mxCell id="arrow-64" value="" style="endArrow=block;html=1;exitX=1;exitY=0.5;exitDx=0;exitDy=0;endFill=0;entryX=0;entryY=0.5;entryDx=0;entryDy=0;endSize=8;arcSize=0;rounded=0;" edge="1" source="class-62" target="class-63" parent="1">
          <mxGeometry relative="1" as="geometry" />
        </mxCell>
        <mxCell id="class-63" value="" style="rounded=0;whiteSpace=wrap;html=1;snapToPoint=1;points=[[0.1,0],[0.2,0],[0.3,0],[0.4,0],[0.5,0],[0.6,0],[0.7,0],[0.8,0],[0.9,0],[0,0.1],[0,0.3],[0,0.5],[0,0.7],[0,0.9],[0.1,1],[0.2,1],[0.3,1],[0.4,1],[0.5,1],[0.6,1],[0.7,1],[0.8,1],[0.9,1],[1,0.1],[1,0.3],[1,0.5],[1,0.7],[1,0.9]];" vertex="1" parent="1">
          <mxGeometry x="687.7" y="1710" width="60" height="30" as="geometry" />
        </mxCell>
        <mxCell id="class-65" value="<https://saref.etsi.org/core/Property>" style="rounded=0;whiteSpace=wrap;html=1;snapToPoint=1;points=[[0.1,0],[0.2,0],[0.3,0],[0.4,0],[0.5,0],[0.6,0],[0.7,0],[0.8,0],[0.9,0],[0,0.1],[0,0.3],[0,0.5],[0,0.7],[0,0.9],[0.1,1],[0.2,1],[0.3,1],[0.4,1],[0.5,1],[0.6,1],[0.7,1],[0.8,1],[0.9,1],[1,0.1],[1,0.3],[1,0.5],[1,0.7],[1,0.9]];" vertex="1" parent="1">
          <mxGeometry x="1155.7" y="1710" width="235.6" height="30" as="geometry" />
        </mxCell>
        <mxCell id="arrow-66" value="(all) <https://saref.etsi.org/core/controlsProperty>" style="endArrow=classic;html=1;exitX=1;exitY=0.5;exitDx=0;exitDy=0;entryX=0;entryY=0.5;entryDx=0;entryDy=0;endSize=8;arcSize=0;rounded=0;" edge="1" source="class-63" target="class-65" parent="1">
          <mxGeometry relative="1" as="geometry" />
        </mxCell>
        <mxCell id="document-67" value="Pattern 12" style="swimlane;whiteSpace=wrap;html=1;" vertex="1" parent="1">
          <mxGeometry x="0" y="1875" width="297.0" height="130" as="geometry" />
        </mxCell>
        <mxCell id="text-document-67" value="<https://saref.etsi.org/core/FeatureOfInterest>&lt;br&gt;&amp;nbsp;|rdfs:subClassOf&lt;br&gt;&amp;nbsp;|  |owl:Restriction&lt;br&gt;&amp;nbsp;|  |  |owl:allValuesFrom&lt;br&gt;&amp;nbsp;|  |  |  |<https://saref.etsi.org/core/Property>&lt;br&gt;&amp;nbsp;|  |  |owl:onProperty&lt;br&gt;&amp;nbsp;|  |  |  |<https://saref.etsi.org/core/hasProperty>" style="text;html=1;strokeColor=none;fillColor=none;align=center;verticalAlign=middle;whiteSpace=wrap;rounded=0;align=left;" vertex="1" parent="document-67">
          <mxGeometry x="0" y="25" width="297.0" height="105" as="geometry" />
        </mxCell>
        <mxCell id="class-68" value="<https://saref.etsi.org/core/FeatureOfInterest>" style="rounded=0;whiteSpace=wrap;html=1;snapToPoint=1;points=[[0.1,0],[0.2,0],[0.3,0],[0.4,0],[0.5,0],[0.6,0],[0.7,0],[0.8,0],[0.9,0],[0,0.1],[0,0.3],[0,0.5],[0,0.7],[0,0.9],[0.1,1],[0.2,1],[0.3,1],[0.4,1],[0.5,1],[0.6,1],[0.7,1],[0.8,1],[0.9,1],[1,0.1],[1,0.3],[1,0.5],[1,0.7],[1,0.9]];" vertex="1" parent="1">
          <mxGeometry x="317.0" y="1875" width="291.40000000000003" height="30" as="geometry" />
        </mxCell>
        <mxCell id="arrow-70" value="" style="endArrow=block;html=1;exitX=1;exitY=0.5;exitDx=0;exitDy=0;endFill=0;entryX=0;entryY=0.5;entryDx=0;entryDy=0;endSize=8;arcSize=0;rounded=0;" edge="1" source="class-68" target="class-69" parent="1">
          <mxGeometry relative="1" as="geometry" />
        </mxCell>
        <mxCell id="class-69" value="" style="rounded=0;whiteSpace=wrap;html=1;snapToPoint=1;points=[[0.1,0],[0.2,0],[0.3,0],[0.4,0],[0.5,0],[0.6,0],[0.7,0],[0.8,0],[0.9,0],[0,0.1],[0,0.3],[0,0.5],[0,0.7],[0,0.9],[0.1,1],[0.2,1],[0.3,1],[0.4,1],[0.5,1],[0.6,1],[0.7,1],[0.8,1],[0.9,1],[1,0.1],[1,0.3],[1,0.5],[1,0.7],[1,0.9]];" vertex="1" parent="1">
          <mxGeometry x="728.4000000000001" y="1875" width="60" height="30" as="geometry" />
        </mxCell>
        <mxCell id="class-71" value="<https://saref.etsi.org/core/Property>" style="rounded=0;whiteSpace=wrap;html=1;snapToPoint=1;points=[[0.1,0],[0.2,0],[0.3,0],[0.4,0],[0.5,0],[0.6,0],[0.7,0],[0.8,0],[0.9,0],[0,0.1],[0,0.3],[0,0.5],[0,0.7],[0,0.9],[0.1,1],[0.2,1],[0.3,1],[0.4,1],[0.5,1],[0.6,1],[0.7,1],[0.8,1],[0.9,1],[1,0.1],[1,0.3],[1,0.5],[1,0.7],[1,0.9]];" vertex="1" parent="1">
          <mxGeometry x="1156.4" y="1875" width="235.6" height="30" as="geometry" />
        </mxCell>
        <mxCell id="arrow-72" value="(all) <https://saref.etsi.org/core/hasProperty>" style="endArrow=classic;html=1;exitX=1;exitY=0.5;exitDx=0;exitDy=0;entryX=0;entryY=0.5;entryDx=0;entryDy=0;endSize=8;arcSize=0;rounded=0;" edge="1" source="class-69" target="class-71" parent="1">
          <mxGeometry relative="1" as="geometry" />
        </mxCell>
        <mxCell id="document-73" value="Pattern 13" style="swimlane;whiteSpace=wrap;html=1;" vertex="1" parent="1">
          <mxGeometry x="0" y="2040" width="291.5" height="160" as="geometry" />
        </mxCell>
        <mxCell id="text-document-73" value="<https://saref.etsi.org/core/Measurement>&lt;br&gt;&amp;nbsp;|rdfs:subClassOf&lt;br&gt;&amp;nbsp;|  |owl:Restriction&lt;br&gt;&amp;nbsp;|  |  |owl:onDataRange&lt;br&gt;&amp;nbsp;|  |  |  |xsd:float&lt;br&gt;&amp;nbsp;|  |  |owl:onProperty&lt;br&gt;&amp;nbsp;|  |  |  |<https://saref.etsi.org/core/hasValue>&lt;br&gt;&amp;nbsp;|  |  |owl:qualifiedCardinality&lt;br&gt;&amp;nbsp;|  |  |  |Data value [&quot;1&quot;^^xsd:nonNegativeInteger]" style="text;html=1;strokeColor=none;fillColor=none;align=center;verticalAlign=middle;whiteSpace=wrap;rounded=0;align=left;" vertex="1" parent="document-73">
          <mxGeometry x="0" y="25" width="291.5" height="135" as="geometry" />
        </mxCell>
        <mxCell id="class-74" value="<https://saref.etsi.org/core/Measurement>" style="rounded=0;whiteSpace=wrap;html=1;snapToPoint=1;points=[[0.1,0],[0.2,0],[0.3,0],[0.4,0],[0.5,0],[0.6,0],[0.7,0],[0.8,0],[0.9,0],[0,0.1],[0,0.3],[0,0.5],[0,0.7],[0,0.9],[0.1,1],[0.2,1],[0.3,1],[0.4,1],[0.5,1],[0.6,1],[0.7,1],[0.8,1],[0.9,1],[1,0.1],[1,0.3],[1,0.5],[1,0.7],[1,0.9]];" vertex="1" parent="1">
          <mxGeometry x="311.5" y="2040" width="254.20000000000002" height="30" as="geometry" />
        </mxCell>
        <mxCell id="arrow-76" value="" style="endArrow=block;html=1;exitX=1;exitY=0.5;exitDx=0;exitDy=0;endFill=0;entryX=0;entryY=0.5;entryDx=0;entryDy=0;endSize=8;arcSize=0;rounded=0;" edge="1" source="class-74" target="class-75" parent="1">
          <mxGeometry relative="1" as="geometry" />
        </mxCell>
        <mxCell id="class-75" value="" style="rounded=0;whiteSpace=wrap;html=1;snapToPoint=1;points=[[0.1,0],[0.2,0],[0.3,0],[0.4,0],[0.5,0],[0.6,0],[0.7,0],[0.8,0],[0.9,0],[0,0.1],[0,0.3],[0,0.5],[0,0.7],[0,0.9],[0.1,1],[0.2,1],[0.3,1],[0.4,1],[0.5,1],[0.6,1],[0.7,1],[0.8,1],[0.9,1],[1,0.1],[1,0.3],[1,0.5],[1,0.7],[1,0.9]];" vertex="1" parent="1">
          <mxGeometry x="685.7" y="2040" width="60" height="30" as="geometry" />
        </mxCell>
        <mxCell id="class-77" value="xsd:float" style="rounded=0;whiteSpace=wrap;html=1;snapToPoint=1;points=[[0.1,0],[0.2,0],[0.3,0],[0.4,0],[0.5,0],[0.6,0],[0.7,0],[0.8,0],[0.9,0],[0,0.1],[0,0.3],[0,0.5],[0,0.7],[0,0.9],[0.1,1],[0.2,1],[0.3,1],[0.4,1],[0.5,1],[0.6,1],[0.7,1],[0.8,1],[0.9,1],[1,0.1],[1,0.3],[1,0.5],[1,0.7],[1,0.9]];" vertex="1" parent="1">
          <mxGeometry x="1113.7" y="2040" width="55.800000000000004" height="30" as="geometry" />
        </mxCell>
        <mxCell id="arrow-78" value="[N1..N1] <https://saref.etsi.org/core/hasValue>" style="endArrow=classic;html=1;exitX=1;exitY=0.5;exitDx=0;exitDy=0;entryX=0;entryY=0.5;entryDx=0;entryDy=0;endSize=8;arcSize=0;rounded=0;" edge="1" source="class-75" target="class-77" parent="1">
          <mxGeometry relative="1" as="geometry" />
        </mxCell>
        <mxCell id="document-79" value="Pattern 14" style="swimlane;whiteSpace=wrap;html=1;" vertex="1" parent="1">
          <mxGeometry x="0" y="2235" width="346.5" height="130" as="geometry" />
        </mxCell>
        <mxCell id="text-document-79" value="<https://saref.etsi.org/core/Property>&lt;br&gt;&amp;nbsp;|rdfs:subClassOf&lt;br&gt;&amp;nbsp;|  |owl:Restriction&lt;br&gt;&amp;nbsp;|  |  |owl:allValuesFrom&lt;br&gt;&amp;nbsp;|  |  |  |<https://saref.etsi.org/core/Measurement>&lt;br&gt;&amp;nbsp;|  |  |owl:onProperty&lt;br&gt;&amp;nbsp;|  |  |  |<https://saref.etsi.org/core/relatesToMeasurement>" style="text;html=1;strokeColor=none;fillColor=none;align=center;verticalAlign=middle;whiteSpace=wrap;rounded=0;align=left;" vertex="1" parent="document-79">
          <mxGeometry x="0" y="25" width="346.5" height="105" as="geometry" />
        </mxCell>
        <mxCell id="class-80" value="<https://saref.etsi.org/core/Property>" style="rounded=0;whiteSpace=wrap;html=1;snapToPoint=1;points=[[0.1,0],[0.2,0],[0.3,0],[0.4,0],[0.5,0],[0.6,0],[0.7,0],[0.8,0],[0.9,0],[0,0.1],[0,0.3],[0,0.5],[0,0.7],[0,0.9],[0.1,1],[0.2,1],[0.3,1],[0.4,1],[0.5,1],[0.6,1],[0.7,1],[0.8,1],[0.9,1],[1,0.1],[1,0.3],[1,0.5],[1,0.7],[1,0.9]];" vertex="1" parent="1">
          <mxGeometry x="366.5" y="2235" width="235.6" height="30" as="geometry" />
        </mxCell>
        <mxCell id="arrow-82" value="" style="endArrow=block;html=1;exitX=1;exitY=0.5;exitDx=0;exitDy=0;endFill=0;entryX=0;entryY=0.5;entryDx=0;entryDy=0;endSize=8;arcSize=0;rounded=0;" edge="1" source="class-80" target="class-81" parent="1">
          <mxGeometry relative="1" as="geometry" />
        </mxCell>
        <mxCell id="class-81" value="" style="rounded=0;whiteSpace=wrap;html=1;snapToPoint=1;points=[[0.1,0],[0.2,0],[0.3,0],[0.4,0],[0.5,0],[0.6,0],[0.7,0],[0.8,0],[0.9,0],[0,0.1],[0,0.3],[0,0.5],[0,0.7],[0,0.9],[0.1,1],[0.2,1],[0.3,1],[0.4,1],[0.5,1],[0.6,1],[0.7,1],[0.8,1],[0.9,1],[1,0.1],[1,0.3],[1,0.5],[1,0.7],[1,0.9]];" vertex="1" parent="1">
          <mxGeometry x="722.1" y="2235" width="60" height="30" as="geometry" />
        </mxCell>
        <mxCell id="class-83" value="<https://saref.etsi.org/core/Measurement>" style="rounded=0;whiteSpace=wrap;html=1;snapToPoint=1;points=[[0.1,0],[0.2,0],[0.3,0],[0.4,0],[0.5,0],[0.6,0],[0.7,0],[0.8,0],[0.9,0],[0,0.1],[0,0.3],[0,0.5],[0,0.7],[0,0.9],[0.1,1],[0.2,1],[0.3,1],[0.4,1],[0.5,1],[0.6,1],[0.7,1],[0.8,1],[0.9,1],[1,0.1],[1,0.3],[1,0.5],[1,0.7],[1,0.9]];" vertex="1" parent="1">
          <mxGeometry x="1222.1" y="2235" width="254.20000000000002" height="30" as="geometry" />
        </mxCell>
        <mxCell id="arrow-84" value="(all) <https://saref.etsi.org/core/relatesToMeasurement>" style="endArrow=classic;html=1;exitX=1;exitY=0.5;exitDx=0;exitDy=0;entryX=0;entryY=0.5;entryDx=0;entryDy=0;endSize=8;arcSize=0;rounded=0;" edge="1" source="class-81" target="class-83" parent="1">
          <mxGeometry relative="1" as="geometry" />
        </mxCell>
        <mxCell id="document-85" value="Pattern 15" style="swimlane;whiteSpace=wrap;html=1;" vertex="1" parent="1">
          <mxGeometry x="0" y="2400" width="335.5" height="130" as="geometry" />
        </mxCell>
        <mxCell id="text-document-85" value="<https://saref.etsi.org/core/Property>&lt;br&gt;&amp;nbsp;|rdfs:subClassOf&lt;br&gt;&amp;nbsp;|  |owl:Restriction&lt;br&gt;&amp;nbsp;|  |  |owl:allValuesFrom&lt;br&gt;&amp;nbsp;|  |  |  |<https://saref.etsi.org/core/Device>&lt;br&gt;&amp;nbsp;|  |  |owl:onProperty&lt;br&gt;&amp;nbsp;|  |  |  |<https://saref.etsi.org/core/isMeasuredByDevice>" style="text;html=1;strokeColor=none;fillColor=none;align=center;verticalAlign=middle;whiteSpace=wrap;rounded=0;align=left;" vertex="1" parent="document-85">
          <mxGeometry x="0" y="25" width="335.5" height="105" as="geometry" />
        </mxCell>
        <mxCell id="class-86" value="<https://saref.etsi.org/core/Property>" style="rounded=0;whiteSpace=wrap;html=1;snapToPoint=1;points=[[0.1,0],[0.2,0],[0.3,0],[0.4,0],[0.5,0],[0.6,0],[0.7,0],[0.8,0],[0.9,0],[0,0.1],[0,0.3],[0,0.5],[0,0.7],[0,0.9],[0.1,1],[0.2,1],[0.3,1],[0.4,1],[0.5,1],[0.6,1],[0.7,1],[0.8,1],[0.9,1],[1,0.1],[1,0.3],[1,0.5],[1,0.7],[1,0.9]];" vertex="1" parent="1">
          <mxGeometry x="355.5" y="2400" width="235.6" height="30" as="geometry" />
        </mxCell>
        <mxCell id="arrow-88" value="" style="endArrow=block;html=1;exitX=1;exitY=0.5;exitDx=0;exitDy=0;endFill=0;entryX=0;entryY=0.5;entryDx=0;entryDy=0;endSize=8;arcSize=0;rounded=0;" edge="1" source="class-86" target="class-87" parent="1">
          <mxGeometry relative="1" as="geometry" />
        </mxCell>
        <mxCell id="class-87" value="" style="rounded=0;whiteSpace=wrap;html=1;snapToPoint=1;points=[[0.1,0],[0.2,0],[0.3,0],[0.4,0],[0.5,0],[0.6,0],[0.7,0],[0.8,0],[0.9,0],[0,0.1],[0,0.3],[0,0.5],[0,0.7],[0,0.9],[0.1,1],[0.2,1],[0.3,1],[0.4,1],[0.5,1],[0.6,1],[0.7,1],[0.8,1],[0.9,1],[1,0.1],[1,0.3],[1,0.5],[1,0.7],[1,0.9]];" vertex="1" parent="1">
          <mxGeometry x="711.1" y="2400" width="60" height="30" as="geometry" />
        </mxCell>
        <mxCell id="class-89" value="<https://saref.etsi.org/core/Device>" style="rounded=0;whiteSpace=wrap;html=1;snapToPoint=1;points=[[0.1,0],[0.2,0],[0.3,0],[0.4,0],[0.5,0],[0.6,0],[0.7,0],[0.8,0],[0.9,0],[0,0.1],[0,0.3],[0,0.5],[0,0.7],[0,0.9],[0.1,1],[0.2,1],[0.3,1],[0.4,1],[0.5,1],[0.6,1],[0.7,1],[0.8,1],[0.9,1],[1,0.1],[1,0.3],[1,0.5],[1,0.7],[1,0.9]];" vertex="1" parent="1">
          <mxGeometry x="1195.1" y="2400" width="223.20000000000002" height="30" as="geometry" />
        </mxCell>
        <mxCell id="arrow-90" value="(all) <https://saref.etsi.org/core/isMeasuredByDevice>" style="endArrow=classic;html=1;exitX=1;exitY=0.5;exitDx=0;exitDy=0;entryX=0;entryY=0.5;entryDx=0;entryDy=0;endSize=8;arcSize=0;rounded=0;" edge="1" source="class-87" target="class-89" parent="1">
          <mxGeometry relative="1" as="geometry" />
        </mxCell>
        <mxCell id="document-91" value="Pattern 16" style="swimlane;whiteSpace=wrap;html=1;" vertex="1" parent="1">
          <mxGeometry x="0" y="2565" width="346.5" height="130" as="geometry" />
        </mxCell>
        <mxCell id="text-document-91" value="<https://saref.etsi.org/core/Property>&lt;br&gt;&amp;nbsp;|rdfs:subClassOf&lt;br&gt;&amp;nbsp;|  |owl:Restriction&lt;br&gt;&amp;nbsp;|  |  |owl:allValuesFrom&lt;br&gt;&amp;nbsp;|  |  |  |<https://saref.etsi.org/core/Device>&lt;br&gt;&amp;nbsp;|  |  |owl:onProperty&lt;br&gt;&amp;nbsp;|  |  |  |<https://saref.etsi.org/core/isControlledByDevice>" style="text;html=1;strokeColor=none;fillColor=none;align=center;verticalAlign=middle;whiteSpace=wrap;rounded=0;align=left;" vertex="1" parent="document-91">
          <mxGeometry x="0" y="25" width="346.5" height="105" as="geometry" />
        </mxCell>
        <mxCell id="class-92" value="<https://saref.etsi.org/core/Property>" style="rounded=0;whiteSpace=wrap;html=1;snapToPoint=1;points=[[0.1,0],[0.2,0],[0.3,0],[0.4,0],[0.5,0],[0.6,0],[0.7,0],[0.8,0],[0.9,0],[0,0.1],[0,0.3],[0,0.5],[0,0.7],[0,0.9],[0.1,1],[0.2,1],[0.3,1],[0.4,1],[0.5,1],[0.6,1],[0.7,1],[0.8,1],[0.9,1],[1,0.1],[1,0.3],[1,0.5],[1,0.7],[1,0.9]];" vertex="1" parent="1">
          <mxGeometry x="366.5" y="2565" width="235.6" height="30" as="geometry" />
        </mxCell>
        <mxCell id="arrow-94" value="" style="endArrow=block;html=1;exitX=1;exitY=0.5;exitDx=0;exitDy=0;endFill=0;entryX=0;entryY=0.5;entryDx=0;entryDy=0;endSize=8;arcSize=0;rounded=0;" edge="1" source="class-92" target="class-93" parent="1">
          <mxGeometry relative="1" as="geometry" />
        </mxCell>
        <mxCell id="class-93" value="" style="rounded=0;whiteSpace=wrap;html=1;snapToPoint=1;points=[[0.1,0],[0.2,0],[0.3,0],[0.4,0],[0.5,0],[0.6,0],[0.7,0],[0.8,0],[0.9,0],[0,0.1],[0,0.3],[0,0.5],[0,0.7],[0,0.9],[0.1,1],[0.2,1],[0.3,1],[0.4,1],[0.5,1],[0.6,1],[0.7,1],[0.8,1],[0.9,1],[1,0.1],[1,0.3],[1,0.5],[1,0.7],[1,0.9]];" vertex="1" parent="1">
          <mxGeometry x="722.1" y="2565" width="60" height="30" as="geometry" />
        </mxCell>
        <mxCell id="class-95" value="<https://saref.etsi.org/core/Device>" style="rounded=0;whiteSpace=wrap;html=1;snapToPoint=1;points=[[0.1,0],[0.2,0],[0.3,0],[0.4,0],[0.5,0],[0.6,0],[0.7,0],[0.8,0],[0.9,0],[0,0.1],[0,0.3],[0,0.5],[0,0.7],[0,0.9],[0.1,1],[0.2,1],[0.3,1],[0.4,1],[0.5,1],[0.6,1],[0.7,1],[0.8,1],[0.9,1],[1,0.1],[1,0.3],[1,0.5],[1,0.7],[1,0.9]];" vertex="1" parent="1">
          <mxGeometry x="1222.1" y="2565" width="223.20000000000002" height="30" as="geometry" />
        </mxCell>
        <mxCell id="arrow-96" value="(all) <https://saref.etsi.org/core/isControlledByDevice>" style="endArrow=classic;html=1;exitX=1;exitY=0.5;exitDx=0;exitDy=0;entryX=0;entryY=0.5;entryDx=0;entryDy=0;endSize=8;arcSize=0;rounded=0;" edge="1" source="class-93" target="class-95" parent="1">
          <mxGeometry relative="1" as="geometry" />
        </mxCell>
        <mxCell id="document-97" value="Pattern 17" style="swimlane;whiteSpace=wrap;html=1;" vertex="1" parent="1">
          <mxGeometry x="0" y="2730" width="313.5" height="130" as="geometry" />
        </mxCell>
        <mxCell id="text-document-97" value="<https://saref.etsi.org/core/FeatureOfInterest>&lt;br&gt;&amp;nbsp;|rdfs:subClassOf&lt;br&gt;&amp;nbsp;|  |owl:Restriction&lt;br&gt;&amp;nbsp;|  |  |owl:allValuesFrom&lt;br&gt;&amp;nbsp;|  |  |  |<https://saref.etsi.org/core/Measurement>&lt;br&gt;&amp;nbsp;|  |  |owl:onProperty&lt;br&gt;&amp;nbsp;|  |  |  |<https://saref.etsi.org/core/hasMeasurement>" style="text;html=1;strokeColor=none;fillColor=none;align=center;verticalAlign=middle;whiteSpace=wrap;rounded=0;align=left;" vertex="1" parent="document-97">
          <mxGeometry x="0" y="25" width="313.5" height="105" as="geometry" />
        </mxCell>
        <mxCell id="class-98" value="<https://saref.etsi.org/core/FeatureOfInterest>" style="rounded=0;whiteSpace=wrap;html=1;snapToPoint=1;points=[[0.1,0],[0.2,0],[0.3,0],[0.4,0],[0.5,0],[0.6,0],[0.7,0],[0.8,0],[0.9,0],[0,0.1],[0,0.3],[0,0.5],[0,0.7],[0,0.9],[0.1,1],[0.2,1],[0.3,1],[0.4,1],[0.5,1],[0.6,1],[0.7,1],[0.8,1],[0.9,1],[1,0.1],[1,0.3],[1,0.5],[1,0.7],[1,0.9]];" vertex="1" parent="1">
          <mxGeometry x="333.5" y="2730" width="291.40000000000003" height="30" as="geometry" />
        </mxCell>
        <mxCell id="arrow-100" value="" style="endArrow=block;html=1;exitX=1;exitY=0.5;exitDx=0;exitDy=0;endFill=0;entryX=0;entryY=0.5;entryDx=0;entryDy=0;endSize=8;arcSize=0;rounded=0;" edge="1" source="class-98" target="class-99" parent="1">
          <mxGeometry relative="1" as="geometry" />
        </mxCell>
        <mxCell id="class-99" value="" style="rounded=0;whiteSpace=wrap;html=1;snapToPoint=1;points=[[0.1,0],[0.2,0],[0.3,0],[0.4,0],[0.5,0],[0.6,0],[0.7,0],[0.8,0],[0.9,0],[0,0.1],[0,0.3],[0,0.5],[0,0.7],[0,0.9],[0.1,1],[0.2,1],[0.3,1],[0.4,1],[0.5,1],[0.6,1],[0.7,1],[0.8,1],[0.9,1],[1,0.1],[1,0.3],[1,0.5],[1,0.7],[1,0.9]];" vertex="1" parent="1">
          <mxGeometry x="744.9000000000001" y="2730" width="60" height="30" as="geometry" />
        </mxCell>
        <mxCell id="class-101" value="<https://saref.etsi.org/core/Measurement>" style="rounded=0;whiteSpace=wrap;html=1;snapToPoint=1;points=[[0.1,0],[0.2,0],[0.3,0],[0.4,0],[0.5,0],[0.6,0],[0.7,0],[0.8,0],[0.9,0],[0,0.1],[0,0.3],[0,0.5],[0,0.7],[0,0.9],[0.1,1],[0.2,1],[0.3,1],[0.4,1],[0.5,1],[0.6,1],[0.7,1],[0.8,1],[0.9,1],[1,0.1],[1,0.3],[1,0.5],[1,0.7],[1,0.9]];" vertex="1" parent="1">
          <mxGeometry x="1196.9" y="2730" width="254.20000000000002" height="30" as="geometry" />
        </mxCell>
        <mxCell id="arrow-102" value="(all) <https://saref.etsi.org/core/hasMeasurement>" style="endArrow=classic;html=1;exitX=1;exitY=0.5;exitDx=0;exitDy=0;entryX=0;entryY=0.5;entryDx=0;entryDy=0;endSize=8;arcSize=0;rounded=0;" edge="1" source="class-99" target="class-101" parent="1">
          <mxGeometry relative="1" as="geometry" />
        </mxCell>
        <mxCell id="document-103" value="Pattern 18" style="swimlane;whiteSpace=wrap;html=1;" vertex="1" parent="1">
          <mxGeometry x="0" y="2895" width="330.0" height="130" as="geometry" />
        </mxCell>
        <mxCell id="text-document-103" value="<https://saref.etsi.org/core/Property>&lt;br&gt;&amp;nbsp;|rdfs:subClassOf&lt;br&gt;&amp;nbsp;|  |owl:Restriction&lt;br&gt;&amp;nbsp;|  |  |owl:allValuesFrom&lt;br&gt;&amp;nbsp;|  |  |  |<https://saref.etsi.org/core/FeatureOfInterest>&lt;br&gt;&amp;nbsp;|  |  |owl:onProperty&lt;br&gt;&amp;nbsp;|  |  |  |<https://saref.etsi.org/core/isPropertyOf>" style="text;html=1;strokeColor=none;fillColor=none;align=center;verticalAlign=middle;whiteSpace=wrap;rounded=0;align=left;" vertex="1" parent="document-103">
          <mxGeometry x="0" y="25" width="330.0" height="105" as="geometry" />
        </mxCell>
        <mxCell id="class-104" value="<https://saref.etsi.org/core/Property>" style="rounded=0;whiteSpace=wrap;html=1;snapToPoint=1;points=[[0.1,0],[0.2,0],[0.3,0],[0.4,0],[0.5,0],[0.6,0],[0.7,0],[0.8,0],[0.9,0],[0,0.1],[0,0.3],[0,0.5],[0,0.7],[0,0.9],[0.1,1],[0.2,1],[0.3,1],[0.4,1],[0.5,1],[0.6,1],[0.7,1],[0.8,1],[0.9,1],[1,0.1],[1,0.3],[1,0.5],[1,0.7],[1,0.9]];" vertex="1" parent="1">
          <mxGeometry x="350.0" y="2895" width="235.6" height="30" as="geometry" />
        </mxCell>
        <mxCell id="arrow-106" value="" style="endArrow=block;html=1;exitX=1;exitY=0.5;exitDx=0;exitDy=0;endFill=0;entryX=0;entryY=0.5;entryDx=0;entryDy=0;endSize=8;arcSize=0;rounded=0;" edge="1" source="class-104" target="class-105" parent="1">
          <mxGeometry relative="1" as="geometry" />
        </mxCell>
        <mxCell id="class-105" value="" style="rounded=0;whiteSpace=wrap;html=1;snapToPoint=1;points=[[0.1,0],[0.2,0],[0.3,0],[0.4,0],[0.5,0],[0.6,0],[0.7,0],[0.8,0],[0.9,0],[0,0.1],[0,0.3],[0,0.5],[0,0.7],[0,0.9],[0.1,1],[0.2,1],[0.3,1],[0.4,1],[0.5,1],[0.6,1],[0.7,1],[0.8,1],[0.9,1],[1,0.1],[1,0.3],[1,0.5],[1,0.7],[1,0.9]];" vertex="1" parent="1">
          <mxGeometry x="705.6" y="2895" width="60" height="30" as="geometry" />
        </mxCell>
        <mxCell id="class-107" value="<https://saref.etsi.org/core/FeatureOfInterest>" style="rounded=0;whiteSpace=wrap;html=1;snapToPoint=1;points=[[0.1,0],[0.2,0],[0.3,0],[0.4,0],[0.5,0],[0.6,0],[0.7,0],[0.8,0],[0.9,0],[0,0.1],[0,0.3],[0,0.5],[0,0.7],[0,0.9],[0.1,1],[0.2,1],[0.3,1],[0.4,1],[0.5,1],[0.6,1],[0.7,1],[0.8,1],[0.9,1],[1,0.1],[1,0.3],[1,0.5],[1,0.7],[1,0.9]];" vertex="1" parent="1">
          <mxGeometry x="1141.6" y="2895" width="291.40000000000003" height="30" as="geometry" />
        </mxCell>
        <mxCell id="arrow-108" value="(all) <https://saref.etsi.org/core/isPropertyOf>" style="endArrow=classic;html=1;exitX=1;exitY=0.5;exitDx=0;exitDy=0;entryX=0;entryY=0.5;entryDx=0;entryDy=0;endSize=8;arcSize=0;rounded=0;" edge="1" source="class-105" target="class-107" parent="1">
          <mxGeometry relative="1" as="geometry" />
        </mxCell>
        <mxCell id="document-109" value="Pattern 19" style="swimlane;whiteSpace=wrap;html=1;" vertex="1" parent="1">
          <mxGeometry x="0" y="3060" width="379.5" height="130" as="geometry" />
        </mxCell>
        <mxCell id="text-document-109" value="<https://saref.etsi.org/saref4city/Event>&lt;br&gt;&amp;nbsp;|rdfs:subClassOf&lt;br&gt;&amp;nbsp;|  |owl:Restriction&lt;br&gt;&amp;nbsp;|  |  |owl:allValuesFrom&lt;br&gt;&amp;nbsp;|  |  |  |<https://saref.etsi.org/saref4city/Facility>&lt;br&gt;&amp;nbsp;|  |  |owl:onProperty&lt;br&gt;&amp;nbsp;|  |  |  |<https://saref.etsi.org/saref4city/takesPlaceAtFacility>" style="text;html=1;strokeColor=none;fillColor=none;align=center;verticalAlign=middle;whiteSpace=wrap;rounded=0;align=left;" vertex="1" parent="document-109">
          <mxGeometry x="0" y="25" width="379.5" height="105" as="geometry" />
        </mxCell>
        <mxCell id="class-110" value="<https://saref.etsi.org/saref4city/Event>" style="rounded=0;whiteSpace=wrap;html=1;snapToPoint=1;points=[[0.1,0],[0.2,0],[0.3,0],[0.4,0],[0.5,0],[0.6,0],[0.7,0],[0.8,0],[0.9,0],[0,0.1],[0,0.3],[0,0.5],[0,0.7],[0,0.9],[0.1,1],[0.2,1],[0.3,1],[0.4,1],[0.5,1],[0.6,1],[0.7,1],[0.8,1],[0.9,1],[1,0.1],[1,0.3],[1,0.5],[1,0.7],[1,0.9]];" vertex="1" parent="1">
          <mxGeometry x="399.5" y="3060" width="254.20000000000002" height="30" as="geometry" />
        </mxCell>
        <mxCell id="arrow-112" value="" style="endArrow=block;html=1;exitX=1;exitY=0.5;exitDx=0;exitDy=0;endFill=0;entryX=0;entryY=0.5;entryDx=0;entryDy=0;endSize=8;arcSize=0;rounded=0;" edge="1" source="class-110" target="class-111" parent="1">
          <mxGeometry relative="1" as="geometry" />
        </mxCell>
        <mxCell id="class-111" value="" style="rounded=0;whiteSpace=wrap;html=1;snapToPoint=1;points=[[0.1,0],[0.2,0],[0.3,0],[0.4,0],[0.5,0],[0.6,0],[0.7,0],[0.8,0],[0.9,0],[0,0.1],[0,0.3],[0,0.5],[0,0.7],[0,0.9],[0.1,1],[0.2,1],[0.3,1],[0.4,1],[0.5,1],[0.6,1],[0.7,1],[0.8,1],[0.9,1],[1,0.1],[1,0.3],[1,0.5],[1,0.7],[1,0.9]];" vertex="1" parent="1">
          <mxGeometry x="773.7" y="3060" width="60" height="30" as="geometry" />
        </mxCell>
        <mxCell id="class-113" value="<https://saref.etsi.org/saref4city/Facility>" style="rounded=0;whiteSpace=wrap;html=1;snapToPoint=1;points=[[0.1,0],[0.2,0],[0.3,0],[0.4,0],[0.5,0],[0.6,0],[0.7,0],[0.8,0],[0.9,0],[0,0.1],[0,0.3],[0,0.5],[0,0.7],[0,0.9],[0.1,1],[0.2,1],[0.3,1],[0.4,1],[0.5,1],[0.6,1],[0.7,1],[0.8,1],[0.9,1],[1,0.1],[1,0.3],[1,0.5],[1,0.7],[1,0.9]];" vertex="1" parent="1">
          <mxGeometry x="1321.7" y="3060" width="272.8" height="30" as="geometry" />
        </mxCell>
        <mxCell id="arrow-114" value="(all) <https://saref.etsi.org/saref4city/takesPlaceAtFacility>" style="endArrow=classic;html=1;exitX=1;exitY=0.5;exitDx=0;exitDy=0;entryX=0;entryY=0.5;entryDx=0;entryDy=0;endSize=8;arcSize=0;rounded=0;" edge="1" source="class-111" target="class-113" parent="1">
          <mxGeometry relative="1" as="geometry" />
        </mxCell>
        <mxCell id="document-115" value="Pattern 20" style="swimlane;whiteSpace=wrap;html=1;" vertex="1" parent="1">
          <mxGeometry x="0" y="3225" width="330.0" height="130" as="geometry" />
        </mxCell>
        <mxCell id="text-document-115" value="<https://saref.etsi.org/saref4city/KeyPerformanceIndicator>&lt;br&gt;&amp;nbsp;|rdfs:subClassOf&lt;br&gt;&amp;nbsp;|  |owl:Restriction&lt;br&gt;&amp;nbsp;|  |  |owl:allValuesFrom&lt;br&gt;&amp;nbsp;|  |  |  |<https://saref.etsi.org/core/FeatureOfInterest>&lt;br&gt;&amp;nbsp;|  |  |owl:onProperty&lt;br&gt;&amp;nbsp;|  |  |  |<https://saref.etsi.org/saref4city/isKPIOf>" style="text;html=1;strokeColor=none;fillColor=none;align=center;verticalAlign=middle;whiteSpace=wrap;rounded=0;align=left;" vertex="1" parent="document-115">
          <mxGeometry x="0" y="25" width="330.0" height="105" as="geometry" />
        </mxCell>
        <mxCell id="class-116" value="<https://saref.etsi.org/saref4city/KeyPerformanceIndicator>" style="rounded=0;whiteSpace=wrap;html=1;snapToPoint=1;points=[[0.1,0],[0.2,0],[0.3,0],[0.4,0],[0.5,0],[0.6,0],[0.7,0],[0.8,0],[0.9,0],[0,0.1],[0,0.3],[0,0.5],[0,0.7],[0,0.9],[0.1,1],[0.2,1],[0.3,1],[0.4,1],[0.5,1],[0.6,1],[0.7,1],[0.8,1],[0.9,1],[1,0.1],[1,0.3],[1,0.5],[1,0.7],[1,0.9]];" vertex="1" parent="1">
          <mxGeometry x="350.0" y="3225" width="365.8" height="30" as="geometry" />
        </mxCell>
        <mxCell id="arrow-118" value="" style="endArrow=block;html=1;exitX=1;exitY=0.5;exitDx=0;exitDy=0;endFill=0;entryX=0;entryY=0.5;entryDx=0;entryDy=0;endSize=8;arcSize=0;rounded=0;" edge="1" source="class-116" target="class-117" parent="1">
          <mxGeometry relative="1" as="geometry" />
        </mxCell>
        <mxCell id="class-117" value="" style="rounded=0;whiteSpace=wrap;html=1;snapToPoint=1;points=[[0.1,0],[0.2,0],[0.3,0],[0.4,0],[0.5,0],[0.6,0],[0.7,0],[0.8,0],[0.9,0],[0,0.1],[0,0.3],[0,0.5],[0,0.7],[0,0.9],[0.1,1],[0.2,1],[0.3,1],[0.4,1],[0.5,1],[0.6,1],[0.7,1],[0.8,1],[0.9,1],[1,0.1],[1,0.3],[1,0.5],[1,0.7],[1,0.9]];" vertex="1" parent="1">
          <mxGeometry x="835.8" y="3225" width="60" height="30" as="geometry" />
        </mxCell>
        <mxCell id="class-119" value="<https://saref.etsi.org/core/FeatureOfInterest>" style="rounded=0;whiteSpace=wrap;html=1;snapToPoint=1;points=[[0.1,0],[0.2,0],[0.3,0],[0.4,0],[0.5,0],[0.6,0],[0.7,0],[0.8,0],[0.9,0],[0,0.1],[0,0.3],[0,0.5],[0,0.7],[0,0.9],[0.1,1],[0.2,1],[0.3,1],[0.4,1],[0.5,1],[0.6,1],[0.7,1],[0.8,1],[0.9,1],[1,0.1],[1,0.3],[1,0.5],[1,0.7],[1,0.9]];" vertex="1" parent="1">
          <mxGeometry x="1279.8" y="3225" width="291.40000000000003" height="30" as="geometry" />
        </mxCell>
        <mxCell id="arrow-120" value="(all) <https://saref.etsi.org/saref4city/isKPIOf>" style="endArrow=classic;html=1;exitX=1;exitY=0.5;exitDx=0;exitDy=0;entryX=0;entryY=0.5;entryDx=0;entryDy=0;endSize=8;arcSize=0;rounded=0;" edge="1" source="class-117" target="class-119" parent="1">
          <mxGeometry relative="1" as="geometry" />
        </mxCell>
        <mxCell id="document-121" value="Pattern 21" style="swimlane;whiteSpace=wrap;html=1;" vertex="1" parent="1">
          <mxGeometry x="0" y="3390" width="379.5" height="130" as="geometry" />
        </mxCell>
        <mxCell id="text-document-121" value="<https://saref.etsi.org/saref4city/KeyPerformanceIndicator>&lt;br&gt;&amp;nbsp;|rdfs:subClassOf&lt;br&gt;&amp;nbsp;|  |owl:Restriction&lt;br&gt;&amp;nbsp;|  |  |owl:allValuesFrom&lt;br&gt;&amp;nbsp;|  |  |  |time:TemporalDuration&lt;br&gt;&amp;nbsp;|  |  |owl:onProperty&lt;br&gt;&amp;nbsp;|  |  |  |<https://saref.etsi.org/saref4city/hasCalculationPeriod>" style="text;html=1;strokeColor=none;fillColor=none;align=center;verticalAlign=middle;whiteSpace=wrap;rounded=0;align=left;" vertex="1" parent="document-121">
          <mxGeometry x="0" y="25" width="379.5" height="105" as="geometry" />
        </mxCell>
        <mxCell id="class-122" value="<https://saref.etsi.org/saref4city/KeyPerformanceIndicator>" style="rounded=0;whiteSpace=wrap;html=1;snapToPoint=1;points=[[0.1,0],[0.2,0],[0.3,0],[0.4,0],[0.5,0],[0.6,0],[0.7,0],[0.8,0],[0.9,0],[0,0.1],[0,0.3],[0,0.5],[0,0.7],[0,0.9],[0.1,1],[0.2,1],[0.3,1],[0.4,1],[0.5,1],[0.6,1],[0.7,1],[0.8,1],[0.9,1],[1,0.1],[1,0.3],[1,0.5],[1,0.7],[1,0.9]];" vertex="1" parent="1">
          <mxGeometry x="399.5" y="3390" width="365.8" height="30" as="geometry" />
        </mxCell>
        <mxCell id="arrow-124" value="" style="endArrow=block;html=1;exitX=1;exitY=0.5;exitDx=0;exitDy=0;endFill=0;entryX=0;entryY=0.5;entryDx=0;entryDy=0;endSize=8;arcSize=0;rounded=0;" edge="1" source="class-122" target="class-123" parent="1">
          <mxGeometry relative="1" as="geometry" />
        </mxCell>
        <mxCell id="class-123" value="" style="rounded=0;whiteSpace=wrap;html=1;snapToPoint=1;points=[[0.1,0],[0.2,0],[0.3,0],[0.4,0],[0.5,0],[0.6,0],[0.7,0],[0.8,0],[0.9,0],[0,0.1],[0,0.3],[0,0.5],[0,0.7],[0,0.9],[0.1,1],[0.2,1],[0.3,1],[0.4,1],[0.5,1],[0.6,1],[0.7,1],[0.8,1],[0.9,1],[1,0.1],[1,0.3],[1,0.5],[1,0.7],[1,0.9]];" vertex="1" parent="1">
          <mxGeometry x="885.3" y="3390" width="60" height="30" as="geometry" />
        </mxCell>
        <mxCell id="class-125" value="time:TemporalDuration" style="rounded=0;whiteSpace=wrap;html=1;snapToPoint=1;points=[[0.1,0],[0.2,0],[0.3,0],[0.4,0],[0.5,0],[0.6,0],[0.7,0],[0.8,0],[0.9,0],[0,0.1],[0,0.3],[0,0.5],[0,0.7],[0,0.9],[0.1,1],[0.2,1],[0.3,1],[0.4,1],[0.5,1],[0.6,1],[0.7,1],[0.8,1],[0.9,1],[1,0.1],[1,0.3],[1,0.5],[1,0.7],[1,0.9]];" vertex="1" parent="1">
          <mxGeometry x="1433.3" y="3390" width="130.20000000000002" height="30" as="geometry" />
        </mxCell>
        <mxCell id="arrow-126" value="(all) <https://saref.etsi.org/saref4city/hasCalculationPeriod>" style="endArrow=classic;html=1;exitX=1;exitY=0.5;exitDx=0;exitDy=0;entryX=0;entryY=0.5;entryDx=0;entryDy=0;endSize=8;arcSize=0;rounded=0;" edge="1" source="class-123" target="class-125" parent="1">
          <mxGeometry relative="1" as="geometry" />
        </mxCell>
        <mxCell id="document-127" value="Pattern 22" style="swimlane;whiteSpace=wrap;html=1;" vertex="1" parent="1">
          <mxGeometry x="0" y="3555" width="396.0" height="130" as="geometry" />
        </mxCell>
        <mxCell id="text-document-127" value="<https://saref.etsi.org/saref4city/KeyPerformanceIndicatorAssessment>&lt;br&gt;&amp;nbsp;|rdfs:subClassOf&lt;br&gt;&amp;nbsp;|  |owl:Restriction&lt;br&gt;&amp;nbsp;|  |  |owl:allValuesFrom&lt;br&gt;&amp;nbsp;|  |  |  |<https://saref.etsi.org/saref4city/KeyPerformanceIndicator>&lt;br&gt;&amp;nbsp;|  |  |owl:onProperty&lt;br&gt;&amp;nbsp;|  |  |  |<https://saref.etsi.org/saref4city/quantifiesKPI>" style="text;html=1;strokeColor=none;fillColor=none;align=center;verticalAlign=middle;whiteSpace=wrap;rounded=0;align=left;" vertex="1" parent="document-127">
          <mxGeometry x="0" y="25" width="396.0" height="105" as="geometry" />
        </mxCell>
        <mxCell id="class-128" value="<https://saref.etsi.org/saref4city/KeyPerformanceIndicatorAssessment>" style="rounded=0;whiteSpace=wrap;html=1;snapToPoint=1;points=[[0.1,0],[0.2,0],[0.3,0],[0.4,0],[0.5,0],[0.6,0],[0.7,0],[0.8,0],[0.9,0],[0,0.1],[0,0.3],[0,0.5],[0,0.7],[0,0.9],[0.1,1],[0.2,1],[0.3,1],[0.4,1],[0.5,1],[0.6,1],[0.7,1],[0.8,1],[0.9,1],[1,0.1],[1,0.3],[1,0.5],[1,0.7],[1,0.9]];" vertex="1" parent="1">
          <mxGeometry x="416.0" y="3555" width="427.8" height="30" as="geometry" />
        </mxCell>
        <mxCell id="arrow-130" value="" style="endArrow=block;html=1;exitX=1;exitY=0.5;exitDx=0;exitDy=0;endFill=0;entryX=0;entryY=0.5;entryDx=0;entryDy=0;endSize=8;arcSize=0;rounded=0;" edge="1" source="class-128" target="class-129" parent="1">
          <mxGeometry relative="1" as="geometry" />
        </mxCell>
        <mxCell id="class-129" value="" style="rounded=0;whiteSpace=wrap;html=1;snapToPoint=1;points=[[0.1,0],[0.2,0],[0.3,0],[0.4,0],[0.5,0],[0.6,0],[0.7,0],[0.8,0],[0.9,0],[0,0.1],[0,0.3],[0,0.5],[0,0.7],[0,0.9],[0.1,1],[0.2,1],[0.3,1],[0.4,1],[0.5,1],[0.6,1],[0.7,1],[0.8,1],[0.9,1],[1,0.1],[1,0.3],[1,0.5],[1,0.7],[1,0.9]];" vertex="1" parent="1">
          <mxGeometry x="963.8" y="3555" width="60" height="30" as="geometry" />
        </mxCell>
        <mxCell id="class-131" value="<https://saref.etsi.org/saref4city/KeyPerformanceIndicator>" style="rounded=0;whiteSpace=wrap;html=1;snapToPoint=1;points=[[0.1,0],[0.2,0],[0.3,0],[0.4,0],[0.5,0],[0.6,0],[0.7,0],[0.8,0],[0.9,0],[0,0.1],[0,0.3],[0,0.5],[0,0.7],[0,0.9],[0.1,1],[0.2,1],[0.3,1],[0.4,1],[0.5,1],[0.6,1],[0.7,1],[0.8,1],[0.9,1],[1,0.1],[1,0.3],[1,0.5],[1,0.7],[1,0.9]];" vertex="1" parent="1">
          <mxGeometry x="1455.8" y="3555" width="365.8" height="30" as="geometry" />
        </mxCell>
        <mxCell id="arrow-132" value="(all) <https://saref.etsi.org/saref4city/quantifiesKPI>" style="endArrow=classic;html=1;exitX=1;exitY=0.5;exitDx=0;exitDy=0;entryX=0;entryY=0.5;entryDx=0;entryDy=0;endSize=8;arcSize=0;rounded=0;" edge="1" source="class-129" target="class-131" parent="1">
          <mxGeometry relative="1" as="geometry" />
        </mxCell>
        <mxCell id="document-133" value="Pattern 23" style="swimlane;whiteSpace=wrap;html=1;" vertex="1" parent="1">
          <mxGeometry x="0" y="3720" width="385.0" height="130" as="geometry" />
        </mxCell>
        <mxCell id="text-document-133" value="<https://saref.etsi.org/saref4city/KeyPerformanceIndicatorAssessment>&lt;br&gt;&amp;nbsp;|rdfs:subClassOf&lt;br&gt;&amp;nbsp;|  |owl:Restriction&lt;br&gt;&amp;nbsp;|  |  |owl:allValuesFrom&lt;br&gt;&amp;nbsp;|  |  |  |<https://saref.etsi.org/core/Measurement>&lt;br&gt;&amp;nbsp;|  |  |owl:onProperty&lt;br&gt;&amp;nbsp;|  |  |  |<https://saref.etsi.org/saref4city/isDerivedFrom>" style="text;html=1;strokeColor=none;fillColor=none;align=center;verticalAlign=middle;whiteSpace=wrap;rounded=0;align=left;" vertex="1" parent="document-133">
          <mxGeometry x="0" y="25" width="385.0" height="105" as="geometry" />
        </mxCell>
        <mxCell id="class-134" value="<https://saref.etsi.org/saref4city/KeyPerformanceIndicatorAssessment>" style="rounded=0;whiteSpace=wrap;html=1;snapToPoint=1;points=[[0.1,0],[0.2,0],[0.3,0],[0.4,0],[0.5,0],[0.6,0],[0.7,0],[0.8,0],[0.9,0],[0,0.1],[0,0.3],[0,0.5],[0,0.7],[0,0.9],[0.1,1],[0.2,1],[0.3,1],[0.4,1],[0.5,1],[0.6,1],[0.7,1],[0.8,1],[0.9,1],[1,0.1],[1,0.3],[1,0.5],[1,0.7],[1,0.9]];" vertex="1" parent="1">
          <mxGeometry x="405.0" y="3720" width="427.8" height="30" as="geometry" />
        </mxCell>
        <mxCell id="arrow-136" value="" style="endArrow=block;html=1;exitX=1;exitY=0.5;exitDx=0;exitDy=0;endFill=0;entryX=0;entryY=0.5;entryDx=0;entryDy=0;endSize=8;arcSize=0;rounded=0;" edge="1" source="class-134" target="class-135" parent="1">
          <mxGeometry relative="1" as="geometry" />
        </mxCell>
        <mxCell id="class-135" value="" style="rounded=0;whiteSpace=wrap;html=1;snapToPoint=1;points=[[0.1,0],[0.2,0],[0.3,0],[0.4,0],[0.5,0],[0.6,0],[0.7,0],[0.8,0],[0.9,0],[0,0.1],[0,0.3],[0,0.5],[0,0.7],[0,0.9],[0.1,1],[0.2,1],[0.3,1],[0.4,1],[0.5,1],[0.6,1],[0.7,1],[0.8,1],[0.9,1],[1,0.1],[1,0.3],[1,0.5],[1,0.7],[1,0.9]];" vertex="1" parent="1">
          <mxGeometry x="952.8" y="3720" width="60" height="30" as="geometry" />
        </mxCell>
        <mxCell id="class-137" value="<https://saref.etsi.org/core/Measurement>" style="rounded=0;whiteSpace=wrap;html=1;snapToPoint=1;points=[[0.1,0],[0.2,0],[0.3,0],[0.4,0],[0.5,0],[0.6,0],[0.7,0],[0.8,0],[0.9,0],[0,0.1],[0,0.3],[0,0.5],[0,0.7],[0,0.9],[0.1,1],[0.2,1],[0.3,1],[0.4,1],[0.5,1],[0.6,1],[0.7,1],[0.8,1],[0.9,1],[1,0.1],[1,0.3],[1,0.5],[1,0.7],[1,0.9]];" vertex="1" parent="1">
          <mxGeometry x="1444.8" y="3720" width="254.20000000000002" height="30" as="geometry" />
        </mxCell>
        <mxCell id="arrow-138" value="(all) <https://saref.etsi.org/saref4city/isDerivedFrom>" style="endArrow=classic;html=1;exitX=1;exitY=0.5;exitDx=0;exitDy=0;entryX=0;entryY=0.5;entryDx=0;entryDy=0;endSize=8;arcSize=0;rounded=0;" edge="1" source="class-135" target="class-137" parent="1">
          <mxGeometry relative="1" as="geometry" />
        </mxCell>
        <mxCell id="document-139" value="Pattern 24" style="swimlane;whiteSpace=wrap;html=1;" vertex="1" parent="1">
          <mxGeometry x="0" y="3885" width="385.0" height="130" as="geometry" />
        </mxCell>
        <mxCell id="text-document-139" value="<https://saref.etsi.org/saref4city/KeyPerformanceIndicatorAssessment>&lt;br&gt;&amp;nbsp;|rdfs:subClassOf&lt;br&gt;&amp;nbsp;|  |owl:Restriction&lt;br&gt;&amp;nbsp;|  |  |owl:allValuesFrom&lt;br&gt;&amp;nbsp;|  |  |  |xsd:dateTime&lt;br&gt;&amp;nbsp;|  |  |owl:onProperty&lt;br&gt;&amp;nbsp;|  |  |  |<https://saref.etsi.org/saref4city/hasExpirationDate>" style="text;html=1;strokeColor=none;fillColor=none;align=center;verticalAlign=middle;whiteSpace=wrap;rounded=0;align=left;" vertex="1" parent="document-139">
          <mxGeometry x="0" y="25" width="385.0" height="105" as="geometry" />
        </mxCell>
        <mxCell id="class-140" value="<https://saref.etsi.org/saref4city/KeyPerformanceIndicatorAssessment>" style="rounded=0;whiteSpace=wrap;html=1;snapToPoint=1;points=[[0.1,0],[0.2,0],[0.3,0],[0.4,0],[0.5,0],[0.6,0],[0.7,0],[0.8,0],[0.9,0],[0,0.1],[0,0.3],[0,0.5],[0,0.7],[0,0.9],[0.1,1],[0.2,1],[0.3,1],[0.4,1],[0.5,1],[0.6,1],[0.7,1],[0.8,1],[0.9,1],[1,0.1],[1,0.3],[1,0.5],[1,0.7],[1,0.9]];" vertex="1" parent="1">
          <mxGeometry x="405.0" y="3885" width="427.8" height="30" as="geometry" />
        </mxCell>
        <mxCell id="arrow-142" value="" style="endArrow=block;html=1;exitX=1;exitY=0.5;exitDx=0;exitDy=0;endFill=0;entryX=0;entryY=0.5;entryDx=0;entryDy=0;endSize=8;arcSize=0;rounded=0;" edge="1" source="class-140" target="class-141" parent="1">
          <mxGeometry relative="1" as="geometry" />
        </mxCell>
        <mxCell id="class-141" value="" style="rounded=0;whiteSpace=wrap;html=1;snapToPoint=1;points=[[0.1,0],[0.2,0],[0.3,0],[0.4,0],[0.5,0],[0.6,0],[0.7,0],[0.8,0],[0.9,0],[0,0.1],[0,0.3],[0,0.5],[0,0.7],[0,0.9],[0.1,1],[0.2,1],[0.3,1],[0.4,1],[0.5,1],[0.6,1],[0.7,1],[0.8,1],[0.9,1],[1,0.1],[1,0.3],[1,0.5],[1,0.7],[1,0.9]];" vertex="1" parent="1">
          <mxGeometry x="952.8" y="3885" width="60" height="30" as="geometry" />
        </mxCell>
        <mxCell id="class-143" value="xsd:dateTime" style="rounded=0;whiteSpace=wrap;html=1;snapToPoint=1;points=[[0.1,0],[0.2,0],[0.3,0],[0.4,0],[0.5,0],[0.6,0],[0.7,0],[0.8,0],[0.9,0],[0,0.1],[0,0.3],[0,0.5],[0,0.7],[0,0.9],[0.1,1],[0.2,1],[0.3,1],[0.4,1],[0.5,1],[0.6,1],[0.7,1],[0.8,1],[0.9,1],[1,0.1],[1,0.3],[1,0.5],[1,0.7],[1,0.9]];" vertex="1" parent="1">
          <mxGeometry x="1476.8" y="3885" width="74.4" height="30" as="geometry" />
        </mxCell>
        <mxCell id="arrow-144" value="(all) <https://saref.etsi.org/saref4city/hasExpirationDate>" style="endArrow=classic;html=1;exitX=1;exitY=0.5;exitDx=0;exitDy=0;entryX=0;entryY=0.5;entryDx=0;entryDy=0;endSize=8;arcSize=0;rounded=0;" edge="1" source="class-141" target="class-143" parent="1">
          <mxGeometry relative="1" as="geometry" />
        </mxCell>
        <mxCell id="document-145" value="Pattern 25" style="swimlane;whiteSpace=wrap;html=1;" vertex="1" parent="1">
          <mxGeometry x="0" y="4050" width="385.0" height="130" as="geometry" />
        </mxCell>
        <mxCell id="text-document-145" value="<https://saref.etsi.org/saref4city/KeyPerformanceIndicatorAssessment>&lt;br&gt;&amp;nbsp;|rdfs:subClassOf&lt;br&gt;&amp;nbsp;|  |owl:Restriction&lt;br&gt;&amp;nbsp;|  |  |owl:allValuesFrom&lt;br&gt;&amp;nbsp;|  |  |  |xsd:dateTime&lt;br&gt;&amp;nbsp;|  |  |owl:onProperty&lt;br&gt;&amp;nbsp;|  |  |  |<https://saref.etsi.org/saref4city/hasCreationDate>" style="text;html=1;strokeColor=none;fillColor=none;align=center;verticalAlign=middle;whiteSpace=wrap;rounded=0;align=left;" vertex="1" parent="document-145">
          <mxGeometry x="0" y="25" width="385.0" height="105" as="geometry" />
        </mxCell>
        <mxCell id="class-146" value="<https://saref.etsi.org/saref4city/KeyPerformanceIndicatorAssessment>" style="rounded=0;whiteSpace=wrap;html=1;snapToPoint=1;points=[[0.1,0],[0.2,0],[0.3,0],[0.4,0],[0.5,0],[0.6,0],[0.7,0],[0.8,0],[0.9,0],[0,0.1],[0,0.3],[0,0.5],[0,0.7],[0,0.9],[0.1,1],[0.2,1],[0.3,1],[0.4,1],[0.5,1],[0.6,1],[0.7,1],[0.8,1],[0.9,1],[1,0.1],[1,0.3],[1,0.5],[1,0.7],[1,0.9]];" vertex="1" parent="1">
          <mxGeometry x="405.0" y="4050" width="427.8" height="30" as="geometry" />
        </mxCell>
        <mxCell id="arrow-148" value="" style="endArrow=block;html=1;exitX=1;exitY=0.5;exitDx=0;exitDy=0;endFill=0;entryX=0;entryY=0.5;entryDx=0;entryDy=0;endSize=8;arcSize=0;rounded=0;" edge="1" source="class-146" target="class-147" parent="1">
          <mxGeometry relative="1" as="geometry" />
        </mxCell>
        <mxCell id="class-147" value="" style="rounded=0;whiteSpace=wrap;html=1;snapToPoint=1;points=[[0.1,0],[0.2,0],[0.3,0],[0.4,0],[0.5,0],[0.6,0],[0.7,0],[0.8,0],[0.9,0],[0,0.1],[0,0.3],[0,0.5],[0,0.7],[0,0.9],[0.1,1],[0.2,1],[0.3,1],[0.4,1],[0.5,1],[0.6,1],[0.7,1],[0.8,1],[0.9,1],[1,0.1],[1,0.3],[1,0.5],[1,0.7],[1,0.9]];" vertex="1" parent="1">
          <mxGeometry x="952.8" y="4050" width="60" height="30" as="geometry" />
        </mxCell>
        <mxCell id="class-149" value="xsd:dateTime" style="rounded=0;whiteSpace=wrap;html=1;snapToPoint=1;points=[[0.1,0],[0.2,0],[0.3,0],[0.4,0],[0.5,0],[0.6,0],[0.7,0],[0.8,0],[0.9,0],[0,0.1],[0,0.3],[0,0.5],[0,0.7],[0,0.9],[0.1,1],[0.2,1],[0.3,1],[0.4,1],[0.5,1],[0.6,1],[0.7,1],[0.8,1],[0.9,1],[1,0.1],[1,0.3],[1,0.5],[1,0.7],[1,0.9]];" vertex="1" parent="1">
          <mxGeometry x="1460.8" y="4050" width="74.4" height="30" as="geometry" />
        </mxCell>
        <mxCell id="arrow-150" value="(all) <https://saref.etsi.org/saref4city/hasCreationDate>" style="endArrow=classic;html=1;exitX=1;exitY=0.5;exitDx=0;exitDy=0;entryX=0;entryY=0.5;entryDx=0;entryDy=0;endSize=8;arcSize=0;rounded=0;" edge="1" source="class-147" target="class-149" parent="1">
          <mxGeometry relative="1" as="geometry" />
        </mxCell>
        <mxCell id="document-151" value="Pattern 26" style="swimlane;whiteSpace=wrap;html=1;" vertex="1" parent="1">
          <mxGeometry x="0" y="4215" width="385.0" height="130" as="geometry" />
        </mxCell>
        <mxCell id="text-document-151" value="<https://saref.etsi.org/saref4city/KeyPerformanceIndicatorAssessment>&lt;br&gt;&amp;nbsp;|rdfs:subClassOf&lt;br&gt;&amp;nbsp;|  |owl:Restriction&lt;br&gt;&amp;nbsp;|  |  |owl:allValuesFrom&lt;br&gt;&amp;nbsp;|  |  |  |xsd:dateTime&lt;br&gt;&amp;nbsp;|  |  |owl:onProperty&lt;br&gt;&amp;nbsp;|  |  |  |<https://saref.etsi.org/saref4city/hasLastUpdateDate>" style="text;html=1;strokeColor=none;fillColor=none;align=center;verticalAlign=middle;whiteSpace=wrap;rounded=0;align=left;" vertex="1" parent="document-151">
          <mxGeometry x="0" y="25" width="385.0" height="105" as="geometry" />
        </mxCell>
        <mxCell id="class-152" value="<https://saref.etsi.org/saref4city/KeyPerformanceIndicatorAssessment>" style="rounded=0;whiteSpace=wrap;html=1;snapToPoint=1;points=[[0.1,0],[0.2,0],[0.3,0],[0.4,0],[0.5,0],[0.6,0],[0.7,0],[0.8,0],[0.9,0],[0,0.1],[0,0.3],[0,0.5],[0,0.7],[0,0.9],[0.1,1],[0.2,1],[0.3,1],[0.4,1],[0.5,1],[0.6,1],[0.7,1],[0.8,1],[0.9,1],[1,0.1],[1,0.3],[1,0.5],[1,0.7],[1,0.9]];" vertex="1" parent="1">
          <mxGeometry x="405.0" y="4215" width="427.8" height="30" as="geometry" />
        </mxCell>
        <mxCell id="arrow-154" value="" style="endArrow=block;html=1;exitX=1;exitY=0.5;exitDx=0;exitDy=0;endFill=0;entryX=0;entryY=0.5;entryDx=0;entryDy=0;endSize=8;arcSize=0;rounded=0;" edge="1" source="class-152" target="class-153" parent="1">
          <mxGeometry relative="1" as="geometry" />
        </mxCell>
        <mxCell id="class-153" value="" style="rounded=0;whiteSpace=wrap;html=1;snapToPoint=1;points=[[0.1,0],[0.2,0],[0.3,0],[0.4,0],[0.5,0],[0.6,0],[0.7,0],[0.8,0],[0.9,0],[0,0.1],[0,0.3],[0,0.5],[0,0.7],[0,0.9],[0.1,1],[0.2,1],[0.3,1],[0.4,1],[0.5,1],[0.6,1],[0.7,1],[0.8,1],[0.9,1],[1,0.1],[1,0.3],[1,0.5],[1,0.7],[1,0.9]];" vertex="1" parent="1">
          <mxGeometry x="952.8" y="4215" width="60" height="30" as="geometry" />
        </mxCell>
        <mxCell id="class-155" value="xsd:dateTime" style="rounded=0;whiteSpace=wrap;html=1;snapToPoint=1;points=[[0.1,0],[0.2,0],[0.3,0],[0.4,0],[0.5,0],[0.6,0],[0.7,0],[0.8,0],[0.9,0],[0,0.1],[0,0.3],[0,0.5],[0,0.7],[0,0.9],[0.1,1],[0.2,1],[0.3,1],[0.4,1],[0.5,1],[0.6,1],[0.7,1],[0.8,1],[0.9,1],[1,0.1],[1,0.3],[1,0.5],[1,0.7],[1,0.9]];" vertex="1" parent="1">
          <mxGeometry x="1476.8" y="4215" width="74.4" height="30" as="geometry" />
        </mxCell>
        <mxCell id="arrow-156" value="(all) <https://saref.etsi.org/saref4city/hasLastUpdateDate>" style="endArrow=classic;html=1;exitX=1;exitY=0.5;exitDx=0;exitDy=0;entryX=0;entryY=0.5;entryDx=0;entryDy=0;endSize=8;arcSize=0;rounded=0;" edge="1" source="class-153" target="class-155" parent="1">
          <mxGeometry relative="1" as="geometry" />
        </mxCell>
        <mxCell id="document-157" value="Pattern 27" style="swimlane;whiteSpace=wrap;html=1;" vertex="1" parent="1">
          <mxGeometry x="0" y="4380" width="385.0" height="130" as="geometry" />
        </mxCell>
        <mxCell id="text-document-157" value="<https://saref.etsi.org/saref4city/KeyPerformanceIndicatorAssessment>&lt;br&gt;&amp;nbsp;|rdfs:subClassOf&lt;br&gt;&amp;nbsp;|  |owl:Restriction&lt;br&gt;&amp;nbsp;|  |  |owl:allValuesFrom&lt;br&gt;&amp;nbsp;|  |  |  |<https://saref.etsi.org/core/UnitOfMeasure>&lt;br&gt;&amp;nbsp;|  |  |owl:onProperty&lt;br&gt;&amp;nbsp;|  |  |  |<https://saref.etsi.org/core/isMeasuredIn>" style="text;html=1;strokeColor=none;fillColor=none;align=center;verticalAlign=middle;whiteSpace=wrap;rounded=0;align=left;" vertex="1" parent="document-157">
          <mxGeometry x="0" y="25" width="385.0" height="105" as="geometry" />
        </mxCell>
        <mxCell id="class-158" value="<https://saref.etsi.org/saref4city/KeyPerformanceIndicatorAssessment>" style="rounded=0;whiteSpace=wrap;html=1;snapToPoint=1;points=[[0.1,0],[0.2,0],[0.3,0],[0.4,0],[0.5,0],[0.6,0],[0.7,0],[0.8,0],[0.9,0],[0,0.1],[0,0.3],[0,0.5],[0,0.7],[0,0.9],[0.1,1],[0.2,1],[0.3,1],[0.4,1],[0.5,1],[0.6,1],[0.7,1],[0.8,1],[0.9,1],[1,0.1],[1,0.3],[1,0.5],[1,0.7],[1,0.9]];" vertex="1" parent="1">
          <mxGeometry x="405.0" y="4380" width="427.8" height="30" as="geometry" />
        </mxCell>
        <mxCell id="arrow-160" value="" style="endArrow=block;html=1;exitX=1;exitY=0.5;exitDx=0;exitDy=0;endFill=0;entryX=0;entryY=0.5;entryDx=0;entryDy=0;endSize=8;arcSize=0;rounded=0;" edge="1" source="class-158" target="class-159" parent="1">
          <mxGeometry relative="1" as="geometry" />
        </mxCell>
        <mxCell id="class-159" value="" style="rounded=0;whiteSpace=wrap;html=1;snapToPoint=1;points=[[0.1,0],[0.2,0],[0.3,0],[0.4,0],[0.5,0],[0.6,0],[0.7,0],[0.8,0],[0.9,0],[0,0.1],[0,0.3],[0,0.5],[0,0.7],[0,0.9],[0.1,1],[0.2,1],[0.3,1],[0.4,1],[0.5,1],[0.6,1],[0.7,1],[0.8,1],[0.9,1],[1,0.1],[1,0.3],[1,0.5],[1,0.7],[1,0.9]];" vertex="1" parent="1">
          <mxGeometry x="952.8" y="4380" width="60" height="30" as="geometry" />
        </mxCell>
        <mxCell id="class-161" value="<https://saref.etsi.org/core/UnitOfMeasure>" style="rounded=0;whiteSpace=wrap;html=1;snapToPoint=1;points=[[0.1,0],[0.2,0],[0.3,0],[0.4,0],[0.5,0],[0.6,0],[0.7,0],[0.8,0],[0.9,0],[0,0.1],[0,0.3],[0,0.5],[0,0.7],[0,0.9],[0.1,1],[0.2,1],[0.3,1],[0.4,1],[0.5,1],[0.6,1],[0.7,1],[0.8,1],[0.9,1],[1,0.1],[1,0.3],[1,0.5],[1,0.7],[1,0.9]];" vertex="1" parent="1">
          <mxGeometry x="1388.8" y="4380" width="266.6" height="30" as="geometry" />
        </mxCell>
        <mxCell id="arrow-162" value="(all) <https://saref.etsi.org/core/isMeasuredIn>" style="endArrow=classic;html=1;exitX=1;exitY=0.5;exitDx=0;exitDy=0;entryX=0;entryY=0.5;entryDx=0;entryDy=0;endSize=8;arcSize=0;rounded=0;" edge="1" source="class-159" target="class-161" parent="1">
          <mxGeometry relative="1" as="geometry" />
        </mxCell>
        <mxCell id="document-163" value="Pattern 28" style="swimlane;whiteSpace=wrap;html=1;" vertex="1" parent="1">
          <mxGeometry x="0" y="4545" width="385.0" height="130" as="geometry" />
        </mxCell>
        <mxCell id="text-document-163" value="<https://saref.etsi.org/saref4city/KeyPerformanceIndicatorAssessment>&lt;br&gt;&amp;nbsp;|rdfs:subClassOf&lt;br&gt;&amp;nbsp;|  |owl:Restriction&lt;br&gt;&amp;nbsp;|  |  |owl:allValuesFrom&lt;br&gt;&amp;nbsp;|  |  |  |time:TemporalEntity&lt;br&gt;&amp;nbsp;|  |  |owl:onProperty&lt;br&gt;&amp;nbsp;|  |  |  |<https://saref.etsi.org/saref4city/refersToTime>" style="text;html=1;strokeColor=none;fillColor=none;align=center;verticalAlign=middle;whiteSpace=wrap;rounded=0;align=left;" vertex="1" parent="document-163">
          <mxGeometry x="0" y="25" width="385.0" height="105" as="geometry" />
        </mxCell>
        <mxCell id="class-164" value="<https://saref.etsi.org/saref4city/KeyPerformanceIndicatorAssessment>" style="rounded=0;whiteSpace=wrap;html=1;snapToPoint=1;points=[[0.1,0],[0.2,0],[0.3,0],[0.4,0],[0.5,0],[0.6,0],[0.7,0],[0.8,0],[0.9,0],[0,0.1],[0,0.3],[0,0.5],[0,0.7],[0,0.9],[0.1,1],[0.2,1],[0.3,1],[0.4,1],[0.5,1],[0.6,1],[0.7,1],[0.8,1],[0.9,1],[1,0.1],[1,0.3],[1,0.5],[1,0.7],[1,0.9]];" vertex="1" parent="1">
          <mxGeometry x="405.0" y="4545" width="427.8" height="30" as="geometry" />
        </mxCell>
        <mxCell id="arrow-166" value="" style="endArrow=block;html=1;exitX=1;exitY=0.5;exitDx=0;exitDy=0;endFill=0;entryX=0;entryY=0.5;entryDx=0;entryDy=0;endSize=8;arcSize=0;rounded=0;" edge="1" source="class-164" target="class-165" parent="1">
          <mxGeometry relative="1" as="geometry" />
        </mxCell>
        <mxCell id="class-165" value="" style="rounded=0;whiteSpace=wrap;html=1;snapToPoint=1;points=[[0.1,0],[0.2,0],[0.3,0],[0.4,0],[0.5,0],[0.6,0],[0.7,0],[0.8,0],[0.9,0],[0,0.1],[0,0.3],[0,0.5],[0,0.7],[0,0.9],[0.1,1],[0.2,1],[0.3,1],[0.4,1],[0.5,1],[0.6,1],[0.7,1],[0.8,1],[0.9,1],[1,0.1],[1,0.3],[1,0.5],[1,0.7],[1,0.9]];" vertex="1" parent="1">
          <mxGeometry x="952.8" y="4545" width="60" height="30" as="geometry" />
        </mxCell>
        <mxCell id="class-167" value="time:TemporalEntity" style="rounded=0;whiteSpace=wrap;html=1;snapToPoint=1;points=[[0.1,0],[0.2,0],[0.3,0],[0.4,0],[0.5,0],[0.6,0],[0.7,0],[0.8,0],[0.9,0],[0,0.1],[0,0.3],[0,0.5],[0,0.7],[0,0.9],[0.1,1],[0.2,1],[0.3,1],[0.4,1],[0.5,1],[0.6,1],[0.7,1],[0.8,1],[0.9,1],[1,0.1],[1,0.3],[1,0.5],[1,0.7],[1,0.9]];" vertex="1" parent="1">
          <mxGeometry x="1436.8" y="4545" width="117.8" height="30" as="geometry" />
        </mxCell>
        <mxCell id="arrow-168" value="(all) <https://saref.etsi.org/saref4city/refersToTime>" style="endArrow=classic;html=1;exitX=1;exitY=0.5;exitDx=0;exitDy=0;entryX=0;entryY=0.5;entryDx=0;entryDy=0;endSize=8;arcSize=0;rounded=0;" edge="1" source="class-165" target="class-167" parent="1">
          <mxGeometry relative="1" as="geometry" />
        </mxCell>
        <mxCell id="document-169" value="Pattern 29" style="swimlane;whiteSpace=wrap;html=1;" vertex="1" parent="1">
          <mxGeometry x="0" y="4710" width="385.0" height="130" as="geometry" />
        </mxCell>
        <mxCell id="text-document-169" value="<https://saref.etsi.org/saref4city/KeyPerformanceIndicatorAssessment>&lt;br&gt;&amp;nbsp;|rdfs:subClassOf&lt;br&gt;&amp;nbsp;|  |owl:Restriction&lt;br&gt;&amp;nbsp;|  |  |owl:allValuesFrom&lt;br&gt;&amp;nbsp;|  |  |  |<https://saref.etsi.org/core/FeatureOfInterest>&lt;br&gt;&amp;nbsp;|  |  |owl:onProperty&lt;br&gt;&amp;nbsp;|  |  |  |<https://saref.etsi.org/saref4city/assesses>" style="text;html=1;strokeColor=none;fillColor=none;align=center;verticalAlign=middle;whiteSpace=wrap;rounded=0;align=left;" vertex="1" parent="document-169">
          <mxGeometry x="0" y="25" width="385.0" height="105" as="geometry" />
        </mxCell>
        <mxCell id="class-170" value="<https://saref.etsi.org/saref4city/KeyPerformanceIndicatorAssessment>" style="rounded=0;whiteSpace=wrap;html=1;snapToPoint=1;points=[[0.1,0],[0.2,0],[0.3,0],[0.4,0],[0.5,0],[0.6,0],[0.7,0],[0.8,0],[0.9,0],[0,0.1],[0,0.3],[0,0.5],[0,0.7],[0,0.9],[0.1,1],[0.2,1],[0.3,1],[0.4,1],[0.5,1],[0.6,1],[0.7,1],[0.8,1],[0.9,1],[1,0.1],[1,0.3],[1,0.5],[1,0.7],[1,0.9]];" vertex="1" parent="1">
          <mxGeometry x="405.0" y="4710" width="427.8" height="30" as="geometry" />
        </mxCell>
        <mxCell id="arrow-172" value="" style="endArrow=block;html=1;exitX=1;exitY=0.5;exitDx=0;exitDy=0;endFill=0;entryX=0;entryY=0.5;entryDx=0;entryDy=0;endSize=8;arcSize=0;rounded=0;" edge="1" source="class-170" target="class-171" parent="1">
          <mxGeometry relative="1" as="geometry" />
        </mxCell>
        <mxCell id="class-171" value="" style="rounded=0;whiteSpace=wrap;html=1;snapToPoint=1;points=[[0.1,0],[0.2,0],[0.3,0],[0.4,0],[0.5,0],[0.6,0],[0.7,0],[0.8,0],[0.9,0],[0,0.1],[0,0.3],[0,0.5],[0,0.7],[0,0.9],[0.1,1],[0.2,1],[0.3,1],[0.4,1],[0.5,1],[0.6,1],[0.7,1],[0.8,1],[0.9,1],[1,0.1],[1,0.3],[1,0.5],[1,0.7],[1,0.9]];" vertex="1" parent="1">
          <mxGeometry x="952.8" y="4710" width="60" height="30" as="geometry" />
        </mxCell>
        <mxCell id="class-173" value="<https://saref.etsi.org/core/FeatureOfInterest>" style="rounded=0;whiteSpace=wrap;html=1;snapToPoint=1;points=[[0.1,0],[0.2,0],[0.3,0],[0.4,0],[0.5,0],[0.6,0],[0.7,0],[0.8,0],[0.9,0],[0,0.1],[0,0.3],[0,0.5],[0,0.7],[0,0.9],[0.1,1],[0.2,1],[0.3,1],[0.4,1],[0.5,1],[0.6,1],[0.7,1],[0.8,1],[0.9,1],[1,0.1],[1,0.3],[1,0.5],[1,0.7],[1,0.9]];" vertex="1" parent="1">
          <mxGeometry x="1404.8" y="4710" width="291.40000000000003" height="30" as="geometry" />
        </mxCell>
        <mxCell id="arrow-174" value="(all) <https://saref.etsi.org/saref4city/assesses>" style="endArrow=classic;html=1;exitX=1;exitY=0.5;exitDx=0;exitDy=0;entryX=0;entryY=0.5;entryDx=0;entryDy=0;endSize=8;arcSize=0;rounded=0;" edge="1" source="class-171" target="class-173" parent="1">
          <mxGeometry relative="1" as="geometry" />
        </mxCell>
        <mxCell id="document-175" value="Pattern 30" style="swimlane;whiteSpace=wrap;html=1;" vertex="1" parent="1">
          <mxGeometry x="0" y="4875" width="385.0" height="130" as="geometry" />
        </mxCell>
        <mxCell id="text-document-175" value="<https://saref.etsi.org/saref4city/KeyPerformanceIndicatorAssessment>&lt;br&gt;&amp;nbsp;|rdfs:subClassOf&lt;br&gt;&amp;nbsp;|  |owl:Restriction&lt;br&gt;&amp;nbsp;|  |  |owl:allValuesFrom&lt;br&gt;&amp;nbsp;|  |  |  |<https://saref.etsi.org/saref4city/Agent>&lt;br&gt;&amp;nbsp;|  |  |owl:onProperty&lt;br&gt;&amp;nbsp;|  |  |  |<https://saref.etsi.org/saref4city/isAssessedBy>" style="text;html=1;strokeColor=none;fillColor=none;align=center;verticalAlign=middle;whiteSpace=wrap;rounded=0;align=left;" vertex="1" parent="document-175">
          <mxGeometry x="0" y="25" width="385.0" height="105" as="geometry" />
        </mxCell>
        <mxCell id="class-176" value="<https://saref.etsi.org/saref4city/KeyPerformanceIndicatorAssessment>" style="rounded=0;whiteSpace=wrap;html=1;snapToPoint=1;points=[[0.1,0],[0.2,0],[0.3,0],[0.4,0],[0.5,0],[0.6,0],[0.7,0],[0.8,0],[0.9,0],[0,0.1],[0,0.3],[0,0.5],[0,0.7],[0,0.9],[0.1,1],[0.2,1],[0.3,1],[0.4,1],[0.5,1],[0.6,1],[0.7,1],[0.8,1],[0.9,1],[1,0.1],[1,0.3],[1,0.5],[1,0.7],[1,0.9]];" vertex="1" parent="1">
          <mxGeometry x="405.0" y="4875" width="427.8" height="30" as="geometry" />
        </mxCell>
        <mxCell id="arrow-178" value="" style="endArrow=block;html=1;exitX=1;exitY=0.5;exitDx=0;exitDy=0;endFill=0;entryX=0;entryY=0.5;entryDx=0;entryDy=0;endSize=8;arcSize=0;rounded=0;" edge="1" source="class-176" target="class-177" parent="1">
          <mxGeometry relative="1" as="geometry" />
        </mxCell>
        <mxCell id="class-177" value="" style="rounded=0;whiteSpace=wrap;html=1;snapToPoint=1;points=[[0.1,0],[0.2,0],[0.3,0],[0.4,0],[0.5,0],[0.6,0],[0.7,0],[0.8,0],[0.9,0],[0,0.1],[0,0.3],[0,0.5],[0,0.7],[0,0.9],[0.1,1],[0.2,1],[0.3,1],[0.4,1],[0.5,1],[0.6,1],[0.7,1],[0.8,1],[0.9,1],[1,0.1],[1,0.3],[1,0.5],[1,0.7],[1,0.9]];" vertex="1" parent="1">
          <mxGeometry x="952.8" y="4875" width="60" height="30" as="geometry" />
        </mxCell>
        <mxCell id="class-179" value="<https://saref.etsi.org/saref4city/Agent>" style="rounded=0;whiteSpace=wrap;html=1;snapToPoint=1;points=[[0.1,0],[0.2,0],[0.3,0],[0.4,0],[0.5,0],[0.6,0],[0.7,0],[0.8,0],[0.9,0],[0,0.1],[0,0.3],[0,0.5],[0,0.7],[0,0.9],[0.1,1],[0.2,1],[0.3,1],[0.4,1],[0.5,1],[0.6,1],[0.7,1],[0.8,1],[0.9,1],[1,0.1],[1,0.3],[1,0.5],[1,0.7],[1,0.9]];" vertex="1" parent="1">
          <mxGeometry x="1436.8" y="4875" width="254.20000000000002" height="30" as="geometry" />
        </mxCell>
        <mxCell id="arrow-180" value="(all) <https://saref.etsi.org/saref4city/isAssessedBy>" style="endArrow=classic;html=1;exitX=1;exitY=0.5;exitDx=0;exitDy=0;entryX=0;entryY=0.5;entryDx=0;entryDy=0;endSize=8;arcSize=0;rounded=0;" edge="1" source="class-177" target="class-179" parent="1">
          <mxGeometry relative="1" as="geometry" />
        </mxCell>
        <mxCell id="document-181" value="Pattern 31" style="swimlane;whiteSpace=wrap;html=1;" vertex="1" parent="1">
          <mxGeometry x="0" y="5040" width="385.0" height="130" as="geometry" />
        </mxCell>
        <mxCell id="text-document-181" value="<https://saref.etsi.org/saref4city/KeyPerformanceIndicatorAssessment>&lt;br&gt;&amp;nbsp;|rdfs:subClassOf&lt;br&gt;&amp;nbsp;|  |owl:Restriction&lt;br&gt;&amp;nbsp;|  |  |owl:cardinality&lt;br&gt;&amp;nbsp;|  |  |  |Data value [&quot;1&quot;^^xsd:nonNegativeInteger]&lt;br&gt;&amp;nbsp;|  |  |owl:onProperty&lt;br&gt;&amp;nbsp;|  |  |  |<https://saref.etsi.org/core/hasValue>" style="text;html=1;strokeColor=none;fillColor=none;align=center;verticalAlign=middle;whiteSpace=wrap;rounded=0;align=left;" vertex="1" parent="document-181">
          <mxGeometry x="0" y="25" width="385.0" height="105" as="geometry" />
        </mxCell>
        <mxCell id="class-182" value="<https://saref.etsi.org/saref4city/KeyPerformanceIndicatorAssessment>" style="rounded=0;whiteSpace=wrap;html=1;snapToPoint=1;points=[[0.1,0],[0.2,0],[0.3,0],[0.4,0],[0.5,0],[0.6,0],[0.7,0],[0.8,0],[0.9,0],[0,0.1],[0,0.3],[0,0.5],[0,0.7],[0,0.9],[0.1,1],[0.2,1],[0.3,1],[0.4,1],[0.5,1],[0.6,1],[0.7,1],[0.8,1],[0.9,1],[1,0.1],[1,0.3],[1,0.5],[1,0.7],[1,0.9]];" vertex="1" parent="1">
          <mxGeometry x="405.0" y="5040" width="427.8" height="30" as="geometry" />
        </mxCell>
        <mxCell id="arrow-184" value="" style="endArrow=block;html=1;exitX=1;exitY=0.5;exitDx=0;exitDy=0;endFill=0;entryX=0;entryY=0.5;entryDx=0;entryDy=0;endSize=8;arcSize=0;rounded=0;" edge="1" source="class-182" target="class-183" parent="1">
          <mxGeometry relative="1" as="geometry" />
        </mxCell>
        <mxCell id="class-183" value="" style="rounded=0;whiteSpace=wrap;html=1;snapToPoint=1;points=[[0.1,0],[0.2,0],[0.3,0],[0.4,0],[0.5,0],[0.6,0],[0.7,0],[0.8,0],[0.9,0],[0,0.1],[0,0.3],[0,0.5],[0,0.7],[0,0.9],[0.1,1],[0.2,1],[0.3,1],[0.4,1],[0.5,1],[0.6,1],[0.7,1],[0.8,1],[0.9,1],[1,0.1],[1,0.3],[1,0.5],[1,0.7],[1,0.9]];" vertex="1" parent="1">
          <mxGeometry x="952.8" y="5040" width="60" height="30" as="geometry" />
        </mxCell>
        <mxCell id="class-185" value="" style="rounded=0;whiteSpace=wrap;html=1;snapToPoint=1;points=[[0.1,0],[0.2,0],[0.3,0],[0.4,0],[0.5,0],[0.6,0],[0.7,0],[0.8,0],[0.9,0],[0,0.1],[0,0.3],[0,0.5],[0,0.7],[0,0.9],[0.1,1],[0.2,1],[0.3,1],[0.4,1],[0.5,1],[0.6,1],[0.7,1],[0.8,1],[0.9,1],[1,0.1],[1,0.3],[1,0.5],[1,0.7],[1,0.9]];" vertex="1" parent="1">
          <mxGeometry x="1380.8" y="5040" width="60" height="30" as="geometry" />
        </mxCell>
        <mxCell id="arrow-186" value="(N1..N1) <https://saref.etsi.org/core/hasValue>" style="endArrow=classic;html=1;exitX=1;exitY=0.5;exitDx=0;exitDy=0;entryX=0;entryY=0.5;entryDx=0;entryDy=0;endSize=8;arcSize=0;rounded=0;" edge="1" source="class-183" target="class-185" parent="1">
          <mxGeometry relative="1" as="geometry" />
        </mxCell>
        <mxCell id="document-187" value="Pattern 32" style="swimlane;whiteSpace=wrap;html=1;" vertex="1" parent="1">
          <mxGeometry x="0" y="5205" width="324.5" height="130" as="geometry" />
        </mxCell>
        <mxCell id="text-document-187" value="<https://saref.etsi.org/saref4ener/PowerPlan>&lt;br&gt;&amp;nbsp;|rdfs:subClassOf&lt;br&gt;&amp;nbsp;|  |owl:Restriction&lt;br&gt;&amp;nbsp;|  |  |owl:onProperty&lt;br&gt;&amp;nbsp;|  |  |  |<https://saref.etsi.org/core/consistsOf>&lt;br&gt;&amp;nbsp;|  |  |owl:someValuesFrom&lt;br&gt;&amp;nbsp;|  |  |  |<https://saref.etsi.org/saref4ener/TimeSeries>" style="text;html=1;strokeColor=none;fillColor=none;align=center;verticalAlign=middle;whiteSpace=wrap;rounded=0;align=left;" vertex="1" parent="document-187">
          <mxGeometry x="0" y="25" width="324.5" height="105" as="geometry" />
        </mxCell>
        <mxCell id="class-188" value="<https://saref.etsi.org/saref4ener/PowerPlan>" style="rounded=0;whiteSpace=wrap;html=1;snapToPoint=1;points=[[0.1,0],[0.2,0],[0.3,0],[0.4,0],[0.5,0],[0.6,0],[0.7,0],[0.8,0],[0.9,0],[0,0.1],[0,0.3],[0,0.5],[0,0.7],[0,0.9],[0.1,1],[0.2,1],[0.3,1],[0.4,1],[0.5,1],[0.6,1],[0.7,1],[0.8,1],[0.9,1],[1,0.1],[1,0.3],[1,0.5],[1,0.7],[1,0.9]];" vertex="1" parent="1">
          <mxGeometry x="344.5" y="5205" width="279.0" height="30" as="geometry" />
        </mxCell>
        <mxCell id="arrow-190" value="" style="endArrow=block;html=1;exitX=1;exitY=0.5;exitDx=0;exitDy=0;endFill=0;entryX=0;entryY=0.5;entryDx=0;entryDy=0;endSize=8;arcSize=0;rounded=0;" edge="1" source="class-188" target="class-189" parent="1">
          <mxGeometry relative="1" as="geometry" />
        </mxCell>
        <mxCell id="class-189" value="" style="rounded=0;whiteSpace=wrap;html=1;snapToPoint=1;points=[[0.1,0],[0.2,0],[0.3,0],[0.4,0],[0.5,0],[0.6,0],[0.7,0],[0.8,0],[0.9,0],[0,0.1],[0,0.3],[0,0.5],[0,0.7],[0,0.9],[0.1,1],[0.2,1],[0.3,1],[0.4,1],[0.5,1],[0.6,1],[0.7,1],[0.8,1],[0.9,1],[1,0.1],[1,0.3],[1,0.5],[1,0.7],[1,0.9]];" vertex="1" parent="1">
          <mxGeometry x="743.5" y="5205" width="60" height="30" as="geometry" />
        </mxCell>
        <mxCell id="class-191" value="<https://saref.etsi.org/saref4ener/TimeSeries>" style="rounded=0;whiteSpace=wrap;html=1;snapToPoint=1;points=[[0.1,0],[0.2,0],[0.3,0],[0.4,0],[0.5,0],[0.6,0],[0.7,0],[0.8,0],[0.9,0],[0,0.1],[0,0.3],[0,0.5],[0,0.7],[0,0.9],[0.1,1],[0.2,1],[0.3,1],[0.4,1],[0.5,1],[0.6,1],[0.7,1],[0.8,1],[0.9,1],[1,0.1],[1,0.3],[1,0.5],[1,0.7],[1,0.9]];" vertex="1" parent="1">
          <mxGeometry x="1171.5" y="5205" width="285.2" height="30" as="geometry" />
        </mxCell>
        <mxCell id="arrow-192" value="(some) <https://saref.etsi.org/core/consistsOf>" style="endArrow=classic;html=1;exitX=1;exitY=0.5;exitDx=0;exitDy=0;entryX=0;entryY=0.5;entryDx=0;entryDy=0;endSize=8;arcSize=0;rounded=0;" edge="1" source="class-189" target="class-191" parent="1">
          <mxGeometry relative="1" as="geometry" />
        </mxCell>
      </root>
    </mxGraphModel>
  </diagram>
</mxfile>
